
Insert into MEMBERSHIPS_BASE (MEMBERSHIP_ID,MEMBERSHIP_TYPE_CODE,CONTACT_ID,CREATED_BY,CREATION_DATE,LAST_UPDATED_BY,LAST_UPDATE_DATE,OBJECT_VERSION_ID) values (1,'PERS',110,'0',to_date('15-AUG-20','DD-MON-RR'),'0',to_date('15-AUG-20','DD-MON-RR'),0);
Insert into MEMBERSHIPS_BASE (MEMBERSHIP_ID,MEMBERSHIP_TYPE_CODE,CONTACT_ID,CREATED_BY,CREATION_DATE,LAST_UPDATED_BY,LAST_UPDATE_DATE,OBJECT_VERSION_ID) values (2,'GROUP',111,'0',to_date('15-AUG-20','DD-MON-RR'),'0',to_date('15-AUG-20','DD-MON-RR'),0);
Insert into MEMBERSHIPS_BASE (MEMBERSHIP_ID,MEMBERSHIP_TYPE_CODE,CONTACT_ID,CREATED_BY,CREATION_DATE,LAST_UPDATED_BY,LAST_UPDATE_DATE,OBJECT_VERSION_ID) values (3,'CORP',112,'0',to_date('15-AUG-20','DD-MON-RR'),'0',to_date('15-AUG-20','DD-MON-RR'),0);
Insert into MEMBERSHIPS_BASE (MEMBERSHIP_ID,MEMBERSHIP_TYPE_CODE,CONTACT_ID,CREATED_BY,CREATION_DATE,LAST_UPDATED_BY,LAST_UPDATE_DATE,OBJECT_VERSION_ID) values (4,'PART',113,'0',to_date('15-AUG-20','DD-MON-RR'),'0',to_date('15-AUG-20','DD-MON-RR'),0);
Insert into MEMBERSHIPS_BASE (MEMBERSHIP_ID,MEMBERSHIP_TYPE_CODE,CONTACT_ID,CREATED_BY,CREATION_DATE,LAST_UPDATED_BY,LAST_UPDATE_DATE,OBJECT_VERSION_ID) values (5,'PERS',114,'0',to_date('15-AUG-20','DD-MON-RR'),'0',to_date('15-AUG-20','DD-MON-RR'),0);
Insert into MEMBERSHIPS_BASE (MEMBERSHIP_ID,MEMBERSHIP_TYPE_CODE,CONTACT_ID,CREATED_BY,CREATION_DATE,LAST_UPDATED_BY,LAST_UPDATE_DATE,OBJECT_VERSION_ID) values (6,'CORP',115,'0',to_date('15-AUG-20','DD-MON-RR'),'0',to_date('15-AUG-20','DD-MON-RR'),0);
Insert into MEMBERSHIPS_BASE (MEMBERSHIP_ID,MEMBERSHIP_TYPE_CODE,CONTACT_ID,CREATED_BY,CREATION_DATE,LAST_UPDATED_BY,LAST_UPDATE_DATE,OBJECT_VERSION_ID) values (7,'GROUP',116,'0',to_date('15-AUG-20','DD-MON-RR'),'0',to_date('15-AUG-20','DD-MON-RR'),0);
Insert into MEMBERSHIPS_BASE (MEMBERSHIP_ID,MEMBERSHIP_TYPE_CODE,CONTACT_ID,CREATED_BY,CREATION_DATE,LAST_UPDATED_BY,LAST_UPDATE_DATE,OBJECT_VERSION_ID) values (8,'GROUP',117,'0',to_date('15-AUG-20','DD-MON-RR'),'0',to_date('15-AUG-20','DD-MON-RR'),0);
Insert into MEMBERSHIPS_BASE (MEMBERSHIP_ID,MEMBERSHIP_TYPE_CODE,CONTACT_ID,CREATED_BY,CREATION_DATE,LAST_UPDATED_BY,LAST_UPDATE_DATE,OBJECT_VERSION_ID) values (9,'GROUP',118,'0',to_date('15-AUG-20','DD-MON-RR'),'0',to_date('15-AUG-20','DD-MON-RR'),0);
Insert into MEMBERSHIPS_BASE (MEMBERSHIP_ID,MEMBERSHIP_TYPE_CODE,CONTACT_ID,CREATED_BY,CREATION_DATE,LAST_UPDATED_BY,LAST_UPDATE_DATE,OBJECT_VERSION_ID) values (10,'CORP',119,'0',to_date('15-AUG-20','DD-MON-RR'),'0',to_date('15-AUG-20','DD-MON-RR'),0);
Insert into MEMBERSHIPS_BASE (MEMBERSHIP_ID,MEMBERSHIP_TYPE_CODE,CONTACT_ID,CREATED_BY,CREATION_DATE,LAST_UPDATED_BY,LAST_UPDATE_DATE,OBJECT_VERSION_ID) values (11,'CORP',120,'0',to_date('15-AUG-20','DD-MON-RR'),'0',to_date('15-AUG-20','DD-MON-RR'),0);
Insert into MEMBERSHIPS_BASE (MEMBERSHIP_ID,MEMBERSHIP_TYPE_CODE,CONTACT_ID,CREATED_BY,CREATION_DATE,LAST_UPDATED_BY,LAST_UPDATE_DATE,OBJECT_VERSION_ID) values (12,'GROUP',121,'0',to_date('15-AUG-20','DD-MON-RR'),'0',to_date('15-AUG-20','DD-MON-RR'),0);
Insert into MEMBERSHIPS_BASE (MEMBERSHIP_ID,MEMBERSHIP_TYPE_CODE,CONTACT_ID,CREATED_BY,CREATION_DATE,LAST_UPDATED_BY,LAST_UPDATE_DATE,OBJECT_VERSION_ID) values (13,'PART',122,'0',to_date('15-AUG-20','DD-MON-RR'),'0',to_date('15-AUG-20','DD-MON-RR'),0);
Insert into MEMBERSHIPS_BASE (MEMBERSHIP_ID,MEMBERSHIP_TYPE_CODE,CONTACT_ID,CREATED_BY,CREATION_DATE,LAST_UPDATED_BY,LAST_UPDATE_DATE,OBJECT_VERSION_ID) values (14,'PART',123,'0',to_date('15-AUG-20','DD-MON-RR'),'0',to_date('15-AUG-20','DD-MON-RR'),0);

Insert into MEMBERSHIP_TRANSLATIONS (MEMBERSHIP_TRANSLATIONS_ID,MEMBERSHIP_ID,MEMBERSHIP_NAME,DESCRIPTION,LANGUAGE,SOURCE_LANGUAGE,CREATED_BY,CREATION_DATE,LAST_UPDATED_BY,LAST_UPDATE_DATE,OBJECT_VERSION_ID) values (1,1,'Frugal Personal Membership','Personal Membership.','EN','EN','0',to_date('15-AUG-20','DD-MON-RR'),'0',to_date('15-AUG-20','DD-MON-RR'),0);
Insert into MEMBERSHIP_TRANSLATIONS (MEMBERSHIP_TRANSLATIONS_ID,MEMBERSHIP_ID,MEMBERSHIP_NAME,DESCRIPTION,LANGUAGE,SOURCE_LANGUAGE,CREATED_BY,CREATION_DATE,LAST_UPDATED_BY,LAST_UPDATE_DATE,OBJECT_VERSION_ID) values (2,2,'Save the Habitat','Group discount.','EN','EN','0',to_date('15-AUG-20','DD-MON-RR'),'0',to_date('15-AUG-20','DD-MON-RR'),0);
Insert into MEMBERSHIP_TRANSLATIONS (MEMBERSHIP_TRANSLATIONS_ID,MEMBERSHIP_ID,MEMBERSHIP_NAME,DESCRIPTION,LANGUAGE,SOURCE_LANGUAGE,CREATED_BY,CREATION_DATE,LAST_UPDATED_BY,LAST_UPDATE_DATE,OBJECT_VERSION_ID) values (3,3,'Lasoraz Inc.','Corp discount.','EN','EN','0',to_date('15-AUG-20','DD-MON-RR'),'0',to_date('15-AUG-20','DD-MON-RR'),0);
Insert into MEMBERSHIP_TRANSLATIONS (MEMBERSHIP_TRANSLATIONS_ID,MEMBERSHIP_ID,MEMBERSHIP_NAME,DESCRIPTION,LANGUAGE,SOURCE_LANGUAGE,CREATED_BY,CREATION_DATE,LAST_UPDATED_BY,LAST_UPDATE_DATE,OBJECT_VERSION_ID) values (4,4,'Hendrix Intl.','Partner discount.','EN','EN','0',to_date('15-AUG-20','DD-MON-RR'),'0',to_date('15-AUG-20','DD-MON-RR'),0);
Insert into MEMBERSHIP_TRANSLATIONS (MEMBERSHIP_TRANSLATIONS_ID,MEMBERSHIP_ID,MEMBERSHIP_NAME,DESCRIPTION,LANGUAGE,SOURCE_LANGUAGE,CREATED_BY,CREATION_DATE,LAST_UPDATED_BY,LAST_UPDATE_DATE,OBJECT_VERSION_ID) values (5,5,'Saver Personal Membership','Personal Membership.','EN','EN','0',to_date('15-AUG-20','DD-MON-RR'),'0',to_date('15-AUG-20','DD-MON-RR'),0);
Insert into MEMBERSHIP_TRANSLATIONS (MEMBERSHIP_TRANSLATIONS_ID,MEMBERSHIP_ID,MEMBERSHIP_NAME,DESCRIPTION,LANGUAGE,SOURCE_LANGUAGE,CREATED_BY,CREATION_DATE,LAST_UPDATED_BY,LAST_UPDATE_DATE,OBJECT_VERSION_ID) values (6,6,'Marcus Mitchell LLC.','Corp Membership.','EN','EN','0',to_date('15-AUG-20','DD-MON-RR'),'0',to_date('15-AUG-20','DD-MON-RR'),0);
Insert into MEMBERSHIP_TRANSLATIONS (MEMBERSHIP_TRANSLATIONS_ID,MEMBERSHIP_ID,MEMBERSHIP_NAME,DESCRIPTION,LANGUAGE,SOURCE_LANGUAGE,CREATED_BY,CREATION_DATE,LAST_UPDATED_BY,LAST_UPDATE_DATE,OBJECT_VERSION_ID) values (7,7,'Silicon Valley Product Management Assoc.','Group Membership.','EN','EN','0',to_date('15-AUG-20','DD-MON-RR'),'0',to_date('15-AUG-20','DD-MON-RR'),0);
Insert into MEMBERSHIP_TRANSLATIONS (MEMBERSHIP_TRANSLATIONS_ID,MEMBERSHIP_ID,MEMBERSHIP_NAME,DESCRIPTION,LANGUAGE,SOURCE_LANGUAGE,CREATED_BY,CREATION_DATE,LAST_UPDATED_BY,LAST_UPDATE_DATE,OBJECT_VERSION_ID) values (8,1,'Frugal Personal Membership','Personal Membership.','EL','EN','0',to_date('15-AUG-20','DD-MON-RR'),'0',to_date('15-AUG-20','DD-MON-RR'),0);
Insert into MEMBERSHIP_TRANSLATIONS (MEMBERSHIP_TRANSLATIONS_ID,MEMBERSHIP_ID,MEMBERSHIP_NAME,DESCRIPTION,LANGUAGE,SOURCE_LANGUAGE,CREATED_BY,CREATION_DATE,LAST_UPDATED_BY,LAST_UPDATE_DATE,OBJECT_VERSION_ID) values (9,2,'Save the Habitat','Group discount.','EL','EN','0',to_date('15-AUG-20','DD-MON-RR'),'0',to_date('15-AUG-20','DD-MON-RR'),0);
Insert into MEMBERSHIP_TRANSLATIONS (MEMBERSHIP_TRANSLATIONS_ID,MEMBERSHIP_ID,MEMBERSHIP_NAME,DESCRIPTION,LANGUAGE,SOURCE_LANGUAGE,CREATED_BY,CREATION_DATE,LAST_UPDATED_BY,LAST_UPDATE_DATE,OBJECT_VERSION_ID) values (10,3,'Lasoraz Inc.','Corp discount.','EL','EN','0',to_date('15-AUG-20','DD-MON-RR'),'0',to_date('15-AUG-20','DD-MON-RR'),0);
Insert into MEMBERSHIP_TRANSLATIONS (MEMBERSHIP_TRANSLATIONS_ID,MEMBERSHIP_ID,MEMBERSHIP_NAME,DESCRIPTION,LANGUAGE,SOURCE_LANGUAGE,CREATED_BY,CREATION_DATE,LAST_UPDATED_BY,LAST_UPDATE_DATE,OBJECT_VERSION_ID) values (11,4,'Hendrix Intl.','Partner discount.','EL','EN','0',to_date('15-AUG-20','DD-MON-RR'),'0',to_date('15-AUG-20','DD-MON-RR'),0);
Insert into MEMBERSHIP_TRANSLATIONS (MEMBERSHIP_TRANSLATIONS_ID,MEMBERSHIP_ID,MEMBERSHIP_NAME,DESCRIPTION,LANGUAGE,SOURCE_LANGUAGE,CREATED_BY,CREATION_DATE,LAST_UPDATED_BY,LAST_UPDATE_DATE,OBJECT_VERSION_ID) values (12,5,'Saver Personal Membership','Personal Membership.','EL','EN','0',to_date('15-AUG-20','DD-MON-RR'),'0',to_date('15-AUG-20','DD-MON-RR'),0);
Insert into MEMBERSHIP_TRANSLATIONS (MEMBERSHIP_TRANSLATIONS_ID,MEMBERSHIP_ID,MEMBERSHIP_NAME,DESCRIPTION,LANGUAGE,SOURCE_LANGUAGE,CREATED_BY,CREATION_DATE,LAST_UPDATED_BY,LAST_UPDATE_DATE,OBJECT_VERSION_ID) values (13,6,'Marcus Mitchell LLC.','Corp Membership.','EL','EN','0',to_date('15-AUG-20','DD-MON-RR'),'0',to_date('15-AUG-20','DD-MON-RR'),0);
Insert into MEMBERSHIP_TRANSLATIONS (MEMBERSHIP_TRANSLATIONS_ID,MEMBERSHIP_ID,MEMBERSHIP_NAME,DESCRIPTION,LANGUAGE,SOURCE_LANGUAGE,CREATED_BY,CREATION_DATE,LAST_UPDATED_BY,LAST_UPDATE_DATE,OBJECT_VERSION_ID) values (14,7,'Silicon Valley Product Management Assoc.','Group Membership.','EL','EN','0',to_date('15-AUG-20','DD-MON-RR'),'0',to_date('15-AUG-20','DD-MON-RR'),0);
Insert into MEMBERSHIP_TRANSLATIONS (MEMBERSHIP_TRANSLATIONS_ID,MEMBERSHIP_ID,MEMBERSHIP_NAME,DESCRIPTION,LANGUAGE,SOURCE_LANGUAGE,CREATED_BY,CREATION_DATE,LAST_UPDATED_BY,LAST_UPDATE_DATE,OBJECT_VERSION_ID) values (15,1,'Frugal Personal Membership','Personal Membership.','FR','EN','0',to_date('15-AUG-20','DD-MON-RR'),'0',to_date('15-AUG-20','DD-MON-RR'),0);
Insert into MEMBERSHIP_TRANSLATIONS (MEMBERSHIP_TRANSLATIONS_ID,MEMBERSHIP_ID,MEMBERSHIP_NAME,DESCRIPTION,LANGUAGE,SOURCE_LANGUAGE,CREATED_BY,CREATION_DATE,LAST_UPDATED_BY,LAST_UPDATE_DATE,OBJECT_VERSION_ID) values (16,2,'Save the Habitat','Group discount.','FR','EN','0',to_date('15-AUG-20','DD-MON-RR'),'0',to_date('15-AUG-20','DD-MON-RR'),0);
Insert into MEMBERSHIP_TRANSLATIONS (MEMBERSHIP_TRANSLATIONS_ID,MEMBERSHIP_ID,MEMBERSHIP_NAME,DESCRIPTION,LANGUAGE,SOURCE_LANGUAGE,CREATED_BY,CREATION_DATE,LAST_UPDATED_BY,LAST_UPDATE_DATE,OBJECT_VERSION_ID) values (17,3,'Lasoraz Inc.','Corp discount.','FR','EN','0',to_date('15-AUG-20','DD-MON-RR'),'0',to_date('15-AUG-20','DD-MON-RR'),0);
Insert into MEMBERSHIP_TRANSLATIONS (MEMBERSHIP_TRANSLATIONS_ID,MEMBERSHIP_ID,MEMBERSHIP_NAME,DESCRIPTION,LANGUAGE,SOURCE_LANGUAGE,CREATED_BY,CREATION_DATE,LAST_UPDATED_BY,LAST_UPDATE_DATE,OBJECT_VERSION_ID) values (18,4,'Hendrix Intl.','Partner discount.','FR','EN','0',to_date('15-AUG-20','DD-MON-RR'),'0',to_date('15-AUG-20','DD-MON-RR'),0);
Insert into MEMBERSHIP_TRANSLATIONS (MEMBERSHIP_TRANSLATIONS_ID,MEMBERSHIP_ID,MEMBERSHIP_NAME,DESCRIPTION,LANGUAGE,SOURCE_LANGUAGE,CREATED_BY,CREATION_DATE,LAST_UPDATED_BY,LAST_UPDATE_DATE,OBJECT_VERSION_ID) values (19,5,'Saver Personal Membership','Personal Membership.','FR','EN','0',to_date('15-AUG-20','DD-MON-RR'),'0',to_date('15-AUG-20','DD-MON-RR'),0);
Insert into MEMBERSHIP_TRANSLATIONS (MEMBERSHIP_TRANSLATIONS_ID,MEMBERSHIP_ID,MEMBERSHIP_NAME,DESCRIPTION,LANGUAGE,SOURCE_LANGUAGE,CREATED_BY,CREATION_DATE,LAST_UPDATED_BY,LAST_UPDATE_DATE,OBJECT_VERSION_ID) values (20,6,'Marcus Mitchell LLC.','Corp Membership.','FR','EN','0',to_date('15-AUG-20','DD-MON-RR'),'0',to_date('15-AUG-20','DD-MON-RR'),0);
Insert into MEMBERSHIP_TRANSLATIONS (MEMBERSHIP_TRANSLATIONS_ID,MEMBERSHIP_ID,MEMBERSHIP_NAME,DESCRIPTION,LANGUAGE,SOURCE_LANGUAGE,CREATED_BY,CREATION_DATE,LAST_UPDATED_BY,LAST_UPDATE_DATE,OBJECT_VERSION_ID) values (21,7,'Silicon Valley Product Management Assoc.','Group Membership.','FR','EN','0',to_date('15-AUG-20','DD-MON-RR'),'0',to_date('15-AUG-20','DD-MON-RR'),0);
Insert into MEMBERSHIP_TRANSLATIONS (MEMBERSHIP_TRANSLATIONS_ID,MEMBERSHIP_ID,MEMBERSHIP_NAME,DESCRIPTION,LANGUAGE,SOURCE_LANGUAGE,CREATED_BY,CREATION_DATE,LAST_UPDATED_BY,LAST_UPDATE_DATE,OBJECT_VERSION_ID) values (22,1,'Frugal Personal Membership','Personal Membership.','DE','EN','0',to_date('15-AUG-20','DD-MON-RR'),'0',to_date('15-AUG-20','DD-MON-RR'),0);
Insert into MEMBERSHIP_TRANSLATIONS (MEMBERSHIP_TRANSLATIONS_ID,MEMBERSHIP_ID,MEMBERSHIP_NAME,DESCRIPTION,LANGUAGE,SOURCE_LANGUAGE,CREATED_BY,CREATION_DATE,LAST_UPDATED_BY,LAST_UPDATE_DATE,OBJECT_VERSION_ID) values (23,2,'Save the Habitat','Group discount.','DE','EN','0',to_date('15-AUG-20','DD-MON-RR'),'0',to_date('15-AUG-20','DD-MON-RR'),0);
Insert into MEMBERSHIP_TRANSLATIONS (MEMBERSHIP_TRANSLATIONS_ID,MEMBERSHIP_ID,MEMBERSHIP_NAME,DESCRIPTION,LANGUAGE,SOURCE_LANGUAGE,CREATED_BY,CREATION_DATE,LAST_UPDATED_BY,LAST_UPDATE_DATE,OBJECT_VERSION_ID) values (24,3,'Lasoraz Inc.','Corp discount.','DE','EN','0',to_date('15-AUG-20','DD-MON-RR'),'0',to_date('15-AUG-20','DD-MON-RR'),0);
Insert into MEMBERSHIP_TRANSLATIONS (MEMBERSHIP_TRANSLATIONS_ID,MEMBERSHIP_ID,MEMBERSHIP_NAME,DESCRIPTION,LANGUAGE,SOURCE_LANGUAGE,CREATED_BY,CREATION_DATE,LAST_UPDATED_BY,LAST_UPDATE_DATE,OBJECT_VERSION_ID) values (25,4,'Hendrix Intl.','Partner discount.','DE','EN','0',to_date('15-AUG-20','DD-MON-RR'),'0',to_date('15-AUG-20','DD-MON-RR'),0);
Insert into MEMBERSHIP_TRANSLATIONS (MEMBERSHIP_TRANSLATIONS_ID,MEMBERSHIP_ID,MEMBERSHIP_NAME,DESCRIPTION,LANGUAGE,SOURCE_LANGUAGE,CREATED_BY,CREATION_DATE,LAST_UPDATED_BY,LAST_UPDATE_DATE,OBJECT_VERSION_ID) values (26,5,'Saver Personal Membership','Personal Membership.','DE','EN','0',to_date('15-AUG-20','DD-MON-RR'),'0',to_date('15-AUG-20','DD-MON-RR'),0);
Insert into MEMBERSHIP_TRANSLATIONS (MEMBERSHIP_TRANSLATIONS_ID,MEMBERSHIP_ID,MEMBERSHIP_NAME,DESCRIPTION,LANGUAGE,SOURCE_LANGUAGE,CREATED_BY,CREATION_DATE,LAST_UPDATED_BY,LAST_UPDATE_DATE,OBJECT_VERSION_ID) values (27,6,'Marcus Mitchell LLC.','Corp Membership.','DE','EN','0',to_date('15-AUG-20','DD-MON-RR'),'0',to_date('15-AUG-20','DD-MON-RR'),0);
Insert into MEMBERSHIP_TRANSLATIONS (MEMBERSHIP_TRANSLATIONS_ID,MEMBERSHIP_ID,MEMBERSHIP_NAME,DESCRIPTION,LANGUAGE,SOURCE_LANGUAGE,CREATED_BY,CREATION_DATE,LAST_UPDATED_BY,LAST_UPDATE_DATE,OBJECT_VERSION_ID) values (28,7,'Silicon Valley Product Management Assoc.','Group Membership.','DE','EN','0',to_date('15-AUG-20','DD-MON-RR'),'0',to_date('15-AUG-20','DD-MON-RR'),0);
Insert into MEMBERSHIP_TRANSLATIONS (MEMBERSHIP_TRANSLATIONS_ID,MEMBERSHIP_ID,MEMBERSHIP_NAME,DESCRIPTION,LANGUAGE,SOURCE_LANGUAGE,CREATED_BY,CREATION_DATE,LAST_UPDATED_BY,LAST_UPDATE_DATE,OBJECT_VERSION_ID) values (29,1,'Frugal Personal Membership','Personal Membership.','JA','EN','0',to_date('15-AUG-20','DD-MON-RR'),'0',to_date('15-AUG-20','DD-MON-RR'),0);
Insert into MEMBERSHIP_TRANSLATIONS (MEMBERSHIP_TRANSLATIONS_ID,MEMBERSHIP_ID,MEMBERSHIP_NAME,DESCRIPTION,LANGUAGE,SOURCE_LANGUAGE,CREATED_BY,CREATION_DATE,LAST_UPDATED_BY,LAST_UPDATE_DATE,OBJECT_VERSION_ID) values (30,2,'Save the Habitat','Group discount.','JA','EN','0',to_date('15-AUG-20','DD-MON-RR'),'0',to_date('15-AUG-20','DD-MON-RR'),0);
Insert into MEMBERSHIP_TRANSLATIONS (MEMBERSHIP_TRANSLATIONS_ID,MEMBERSHIP_ID,MEMBERSHIP_NAME,DESCRIPTION,LANGUAGE,SOURCE_LANGUAGE,CREATED_BY,CREATION_DATE,LAST_UPDATED_BY,LAST_UPDATE_DATE,OBJECT_VERSION_ID) values (31,3,'Lasoraz Inc.','Corp discount.','JA','EN','0',to_date('15-AUG-20','DD-MON-RR'),'0',to_date('15-AUG-20','DD-MON-RR'),0);
Insert into MEMBERSHIP_TRANSLATIONS (MEMBERSHIP_TRANSLATIONS_ID,MEMBERSHIP_ID,MEMBERSHIP_NAME,DESCRIPTION,LANGUAGE,SOURCE_LANGUAGE,CREATED_BY,CREATION_DATE,LAST_UPDATED_BY,LAST_UPDATE_DATE,OBJECT_VERSION_ID) values (32,4,'Hendrix Intl.','Partner discount.','JA','EN','0',to_date('15-AUG-20','DD-MON-RR'),'0',to_date('15-AUG-20','DD-MON-RR'),0);
Insert into MEMBERSHIP_TRANSLATIONS (MEMBERSHIP_TRANSLATIONS_ID,MEMBERSHIP_ID,MEMBERSHIP_NAME,DESCRIPTION,LANGUAGE,SOURCE_LANGUAGE,CREATED_BY,CREATION_DATE,LAST_UPDATED_BY,LAST_UPDATE_DATE,OBJECT_VERSION_ID) values (33,5,'Saver Personal Membership','Personal Membership.','JA','EN','0',to_date('15-AUG-20','DD-MON-RR'),'0',to_date('15-AUG-20','DD-MON-RR'),0);
Insert into MEMBERSHIP_TRANSLATIONS (MEMBERSHIP_TRANSLATIONS_ID,MEMBERSHIP_ID,MEMBERSHIP_NAME,DESCRIPTION,LANGUAGE,SOURCE_LANGUAGE,CREATED_BY,CREATION_DATE,LAST_UPDATED_BY,LAST_UPDATE_DATE,OBJECT_VERSION_ID) values (34,6,'Marcus Mitchell LLC.','Corp Membership.','JA','EN','0',to_date('15-AUG-20','DD-MON-RR'),'0',to_date('15-AUG-20','DD-MON-RR'),0);
Insert into MEMBERSHIP_TRANSLATIONS (MEMBERSHIP_TRANSLATIONS_ID,MEMBERSHIP_ID,MEMBERSHIP_NAME,DESCRIPTION,LANGUAGE,SOURCE_LANGUAGE,CREATED_BY,CREATION_DATE,LAST_UPDATED_BY,LAST_UPDATE_DATE,OBJECT_VERSION_ID) values (35,7,'Silicon Valley Product Management Assoc.','Group Membership.','JA','EN','0',to_date('15-AUG-20','DD-MON-RR'),'0',to_date('15-AUG-20','DD-MON-RR'),0);


Insert into CUSTOMER_IDENTIFICATIONS (CUSTOMER_ID,ID_TYPE_CODE,ID_DETAIL,ADDITIONAL_INFORMATION,VERIFIED_FLAG,VERIFIED_DATE,VERIFIED_BY,VERIFICATION_METHOD_CODE,CREATED_BY,CREATION_DATE,LAST_UPDATED_BY,LAST_UPDATE_DATE,OBJECT_VERSION_ID) values (106,'SSN','999-99-9999','Birth Certificate','Y',to_date('15-AUG-20','DD-MON-RR'),100,'COPY','0',to_date('15-AUG-20','DD-MON-RR'),'15-AUG-20',to_date('15-AUG-20','DD-MON-RR'),0);
Insert into CUSTOMER_IDENTIFICATIONS (CUSTOMER_ID,ID_TYPE_CODE,ID_DETAIL,ADDITIONAL_INFORMATION,VERIFIED_FLAG,VERIFIED_DATE,VERIFIED_BY,VERIFICATION_METHOD_CODE,CREATED_BY,CREATION_DATE,LAST_UPDATED_BY,LAST_UPDATE_DATE,OBJECT_VERSION_ID) values (107,'ITIN','999999999','Pending verification of SSN Card','N',to_date('15-AUG-20','DD-MON-RR'),101,'BUR','0',to_date('15-AUG-20','DD-MON-RR'),'15-AUG-20',to_date('15-AUG-20','DD-MON-RR'),0);
Insert into CUSTOMER_IDENTIFICATIONS (CUSTOMER_ID,ID_TYPE_CODE,ID_DETAIL,ADDITIONAL_INFORMATION,VERIFIED_FLAG,VERIFIED_DATE,VERIFIED_BY,VERIFICATION_METHOD_CODE,CREATED_BY,CREATION_DATE,LAST_UPDATED_BY,LAST_UPDATE_DATE,OBJECT_VERSION_ID) values (108,'PASS','1293459439','Passport','Y',to_date('15-AUG-20','DD-MON-RR'),103,'BUR','0',to_date('15-AUG-20','DD-MON-RR'),'15-AUG-20',to_date('15-AUG-20','DD-MON-RR'),0);
Insert into CUSTOMER_IDENTIFICATIONS (CUSTOMER_ID,ID_TYPE_CODE,ID_DETAIL,ADDITIONAL_INFORMATION,VERIFIED_FLAG,VERIFIED_DATE,VERIFIED_BY,VERIFICATION_METHOD_CODE,CREATED_BY,CREATION_DATE,LAST_UPDATED_BY,LAST_UPDATE_DATE,OBJECT_VERSION_ID) values (109,'DL','S-4574-34344','Drivers License','Y',to_date('15-AUG-20','DD-MON-RR'),104,'BUR','0',to_date('15-AUG-20','DD-MON-RR'),'15-AUG-20',to_date('15-AUG-20','DD-MON-RR'),0);
Insert into CUSTOMER_IDENTIFICATIONS (CUSTOMER_ID,ID_TYPE_CODE,ID_DETAIL,ADDITIONAL_INFORMATION,VERIFIED_FLAG,VERIFIED_DATE,VERIFIED_BY,VERIFICATION_METHOD_CODE,CREATED_BY,CREATION_DATE,LAST_UPDATED_BY,LAST_UPDATE_DATE,OBJECT_VERSION_ID) values (110,'DL','C-D344-21224','License','Y',to_date('15-AUG-20','DD-MON-RR'),105,'BUR','0',to_date('15-AUG-20','DD-MON-RR'),'15-AUG-20',to_date('15-AUG-20','DD-MON-RR'),0);
Insert into CUSTOMER_IDENTIFICATIONS (CUSTOMER_ID,ID_TYPE_CODE,ID_DETAIL,ADDITIONAL_INFORMATION,VERIFIED_FLAG,VERIFIED_DATE,VERIFIED_BY,VERIFICATION_METHOD_CODE,CREATED_BY,CREATION_DATE,LAST_UPDATED_BY,LAST_UPDATE_DATE,OBJECT_VERSION_ID) values (111,'DL','CD-D564-SE224','License','Y',to_date('15-AUG-20','DD-MON-RR'),101,'BUR','0',to_date('15-AUG-20','DD-MON-RR'),'15-AUG-20',to_date('15-AUG-20','DD-MON-RR'),0);
Insert into CUSTOMER_IDENTIFICATIONS (CUSTOMER_ID,ID_TYPE_CODE,ID_DETAIL,ADDITIONAL_INFORMATION,VERIFIED_FLAG,VERIFIED_DATE,VERIFIED_BY,VERIFICATION_METHOD_CODE,CREATED_BY,CREATION_DATE,LAST_UPDATED_BY,LAST_UPDATE_DATE,OBJECT_VERSION_ID) values (112,'DL','AA-2364-29224','License','Y',to_date('15-AUG-20','DD-MON-RR'),101,'BUR','0',to_date('15-AUG-20','DD-MON-RR'),'15-AUG-20',to_date('15-AUG-20','DD-MON-RR'),0);
Insert into CUSTOMER_IDENTIFICATIONS (CUSTOMER_ID,ID_TYPE_CODE,ID_DETAIL,ADDITIONAL_INFORMATION,VERIFIED_FLAG,VERIFIED_DATE,VERIFIED_BY,VERIFICATION_METHOD_CODE,CREATED_BY,CREATION_DATE,LAST_UPDATED_BY,LAST_UPDATE_DATE,OBJECT_VERSION_ID) values (113,'DL','ZZ-2XC64-2WEQ24','License','Y',to_date('15-AUG-20','DD-MON-RR'),102,'BUR','0',to_date('15-AUG-20','DD-MON-RR'),'15-AUG-20',to_date('15-AUG-20','DD-MON-RR'),0);
Insert into CUSTOMER_IDENTIFICATIONS (CUSTOMER_ID,ID_TYPE_CODE,ID_DETAIL,ADDITIONAL_INFORMATION,VERIFIED_FLAG,VERIFIED_DATE,VERIFIED_BY,VERIFICATION_METHOD_CODE,CREATED_BY,CREATION_DATE,LAST_UPDATED_BY,LAST_UPDATE_DATE,OBJECT_VERSION_ID) values (114,'SSN','231-45-2321','SSN','Y',to_date('15-AUG-20','DD-MON-RR'),103,'BUR','0',to_date('15-AUG-20','DD-MON-RR'),'15-AUG-20',to_date('15-AUG-20','DD-MON-RR'),0);
Insert into CUSTOMER_IDENTIFICATIONS (CUSTOMER_ID,ID_TYPE_CODE,ID_DETAIL,ADDITIONAL_INFORMATION,VERIFIED_FLAG,VERIFIED_DATE,VERIFIED_BY,VERIFICATION_METHOD_CODE,CREATED_BY,CREATION_DATE,LAST_UPDATED_BY,LAST_UPDATE_DATE,OBJECT_VERSION_ID) values (115,'SSN','121-12-2321','SSN','Y',to_date('15-AUG-20','DD-MON-RR'),104,'BUR','0',to_date('15-AUG-20','DD-MON-RR'),'15-AUG-20',to_date('15-AUG-20','DD-MON-RR'),0);
Insert into CUSTOMER_IDENTIFICATIONS (CUSTOMER_ID,ID_TYPE_CODE,ID_DETAIL,ADDITIONAL_INFORMATION,VERIFIED_FLAG,VERIFIED_DATE,VERIFIED_BY,VERIFICATION_METHOD_CODE,CREATED_BY,CREATION_DATE,LAST_UPDATED_BY,LAST_UPDATE_DATE,OBJECT_VERSION_ID) values (116,'PASS','8989889EW','Passport','Y',to_date('15-AUG-20','DD-MON-RR'),104,'BUR','0',to_date('15-AUG-20','DD-MON-RR'),'15-AUG-20',to_date('15-AUG-20','DD-MON-RR'),0);
Insert into CUSTOMER_IDENTIFICATIONS (CUSTOMER_ID,ID_TYPE_CODE,ID_DETAIL,ADDITIONAL_INFORMATION,VERIFIED_FLAG,VERIFIED_DATE,VERIFIED_BY,VERIFICATION_METHOD_CODE,CREATED_BY,CREATION_DATE,LAST_UPDATED_BY,LAST_UPDATE_DATE,OBJECT_VERSION_ID) values (117,'PASS','QWE8980','Passport','Y',to_date('15-AUG-20','DD-MON-RR'),105,'BUR','0',to_date('15-AUG-20','DD-MON-RR'),'15-AUG-20',to_date('15-AUG-20','DD-MON-RR'),0);
Insert into CUSTOMER_IDENTIFICATIONS (CUSTOMER_ID,ID_TYPE_CODE,ID_DETAIL,ADDITIONAL_INFORMATION,VERIFIED_FLAG,VERIFIED_DATE,VERIFIED_BY,VERIFICATION_METHOD_CODE,CREATED_BY,CREATION_DATE,LAST_UPDATED_BY,LAST_UPDATE_DATE,OBJECT_VERSION_ID) values (118,'PASS','9232057387577748','Passport','Y',to_date('15-AUG-20','DD-MON-RR'),100,'BUR','0',to_date('15-AUG-20','DD-MON-RR'),'15-AUG-20',to_date('15-AUG-20','DD-MON-RR'),0);
Insert into CUSTOMER_IDENTIFICATIONS (CUSTOMER_ID,ID_TYPE_CODE,ID_DETAIL,ADDITIONAL_INFORMATION,VERIFIED_FLAG,VERIFIED_DATE,VERIFIED_BY,VERIFICATION_METHOD_CODE,CREATED_BY,CREATION_DATE,LAST_UPDATED_BY,LAST_UPDATE_DATE,OBJECT_VERSION_ID) values (119,'PASS','ZGHGHA87577748','Passport','Y',to_date('15-AUG-20','DD-MON-RR'),101,'BUR','0',to_date('15-AUG-20','DD-MON-RR'),'15-AUG-20',to_date('15-AUG-20','DD-MON-RR'),0);
Insert into CUSTOMER_IDENTIFICATIONS (CUSTOMER_ID,ID_TYPE_CODE,ID_DETAIL,ADDITIONAL_INFORMATION,VERIFIED_FLAG,VERIFIED_DATE,VERIFIED_BY,VERIFICATION_METHOD_CODE,CREATED_BY,CREATION_DATE,LAST_UPDATED_BY,LAST_UPDATE_DATE,OBJECT_VERSION_ID) values (120,'SSN','908-23-3444','SSN','Y',to_date('15-AUG-20','DD-MON-RR'),102,'BUR','0',to_date('15-AUG-20','DD-MON-RR'),'15-AUG-20',to_date('15-AUG-20','DD-MON-RR'),0);
Insert into CUSTOMER_IDENTIFICATIONS (CUSTOMER_ID,ID_TYPE_CODE,ID_DETAIL,ADDITIONAL_INFORMATION,VERIFIED_FLAG,VERIFIED_DATE,VERIFIED_BY,VERIFICATION_METHOD_CODE,CREATED_BY,CREATION_DATE,LAST_UPDATED_BY,LAST_UPDATE_DATE,OBJECT_VERSION_ID) values (121,'SSN','908-23-3444','SSN','Y',to_date('15-AUG-20','DD-MON-RR'),103,'BUR','0',to_date('15-AUG-20','DD-MON-RR'),'15-AUG-20',to_date('15-AUG-20','DD-MON-RR'),0);
Insert into CUSTOMER_IDENTIFICATIONS (CUSTOMER_ID,ID_TYPE_CODE,ID_DETAIL,ADDITIONAL_INFORMATION,VERIFIED_FLAG,VERIFIED_DATE,VERIFIED_BY,VERIFICATION_METHOD_CODE,CREATED_BY,CREATION_DATE,LAST_UPDATED_BY,LAST_UPDATE_DATE,OBJECT_VERSION_ID) values (122,'SSN','234-23-1244','SSN','Y',to_date('15-AUG-20','DD-MON-RR'),104,'BUR','0',to_date('15-AUG-20','DD-MON-RR'),'15-AUG-20',to_date('15-AUG-20','DD-MON-RR'),0);
Insert into CUSTOMER_IDENTIFICATIONS (CUSTOMER_ID,ID_TYPE_CODE,ID_DETAIL,ADDITIONAL_INFORMATION,VERIFIED_FLAG,VERIFIED_DATE,VERIFIED_BY,VERIFICATION_METHOD_CODE,CREATED_BY,CREATION_DATE,LAST_UPDATED_BY,LAST_UPDATE_DATE,OBJECT_VERSION_ID) values (123,'DL','234-AS-SDHJS23','DL','Y',to_date('15-AUG-20','DD-MON-RR'),104,'BUR','0',to_date('15-AUG-20','DD-MON-RR'),'15-AUG-20',to_date('15-AUG-20','DD-MON-RR'),0);
Insert into CUSTOMER_IDENTIFICATIONS (CUSTOMER_ID,ID_TYPE_CODE,ID_DETAIL,ADDITIONAL_INFORMATION,VERIFIED_FLAG,VERIFIED_DATE,VERIFIED_BY,VERIFICATION_METHOD_CODE,CREATED_BY,CREATION_DATE,LAST_UPDATED_BY,LAST_UPDATE_DATE,OBJECT_VERSION_ID) values (124,'DL','536353-SDHJS23','DL','Y',to_date('15-AUG-20','DD-MON-RR'),104,'BUR','0',to_date('15-AUG-20','DD-MON-RR'),'15-AUG-20',to_date('15-AUG-20','DD-MON-RR'),0);
Insert into CUSTOMER_IDENTIFICATIONS (CUSTOMER_ID,ID_TYPE_CODE,ID_DETAIL,ADDITIONAL_INFORMATION,VERIFIED_FLAG,VERIFIED_DATE,VERIFIED_BY,VERIFICATION_METHOD_CODE,CREATED_BY,CREATION_DATE,LAST_UPDATED_BY,LAST_UPDATE_DATE,OBJECT_VERSION_ID) values (125,'PASS','89980SDHJS23','Passport','Y',to_date('15-AUG-20','DD-MON-RR'),104,'BUR','0',to_date('15-AUG-20','DD-MON-RR'),'15-AUG-20',to_date('15-AUG-20','DD-MON-RR'),0);
Insert into CUSTOMER_IDENTIFICATIONS (CUSTOMER_ID,ID_TYPE_CODE,ID_DETAIL,ADDITIONAL_INFORMATION,VERIFIED_FLAG,VERIFIED_DATE,VERIFIED_BY,VERIFICATION_METHOD_CODE,CREATED_BY,CREATION_DATE,LAST_UPDATED_BY,LAST_UPDATE_DATE,OBJECT_VERSION_ID) values (126,'PASS','1233SDHJS23','Passport','Y',to_date('15-AUG-20','DD-MON-RR'),105,'BUR','0',to_date('15-AUG-20','DD-MON-RR'),'15-AUG-20',to_date('15-AUG-20','DD-MON-RR'),0);
Insert into CUSTOMER_IDENTIFICATIONS (CUSTOMER_ID,ID_TYPE_CODE,ID_DETAIL,ADDITIONAL_INFORMATION,VERIFIED_FLAG,VERIFIED_DATE,VERIFIED_BY,VERIFICATION_METHOD_CODE,CREATED_BY,CREATION_DATE,LAST_UPDATED_BY,LAST_UPDATE_DATE,OBJECT_VERSION_ID) values (127,'PASS','AD45SDHJS23','Passport','Y',to_date('15-AUG-20','DD-MON-RR'),105,'COPY','0',to_date('15-AUG-20','DD-MON-RR'),'15-AUG-20',to_date('15-AUG-20','DD-MON-RR'),0);
Insert into CUSTOMER_IDENTIFICATIONS (CUSTOMER_ID,ID_TYPE_CODE,ID_DETAIL,ADDITIONAL_INFORMATION,VERIFIED_FLAG,VERIFIED_DATE,VERIFIED_BY,VERIFICATION_METHOD_CODE,CREATED_BY,CREATION_DATE,LAST_UPDATED_BY,LAST_UPDATE_DATE,OBJECT_VERSION_ID) values (128,'PASS','783792ASD18919','Passport','Y',to_date('15-AUG-20','DD-MON-RR'),105,'COPY','0',to_date('15-AUG-20','DD-MON-RR'),'15-AUG-20',to_date('15-AUG-20','DD-MON-RR'),0);

Insert into CUSTOMER_INTERESTS (CUSTOMER_ID,CUSTOMER_INTERESTS_ID,CATEGORY_ID,CREATED_BY,CREATION_DATE,LAST_UPDATED_BY,LAST_UPDATE_DATE,OBJECT_VERSION_ID) values (108,1,5,'0',to_date('15-AUG-20','DD-MON-RR'),'0',to_date('15-AUG-20','DD-MON-RR'),0);
Insert into CUSTOMER_INTERESTS (CUSTOMER_ID,CUSTOMER_INTERESTS_ID,CATEGORY_ID,CREATED_BY,CREATION_DATE,LAST_UPDATED_BY,LAST_UPDATE_DATE,OBJECT_VERSION_ID) values (109,2,8,'0',to_date('15-AUG-20','DD-MON-RR'),'0',to_date('15-AUG-20','DD-MON-RR'),0);
Insert into CUSTOMER_INTERESTS (CUSTOMER_ID,CUSTOMER_INTERESTS_ID,CATEGORY_ID,CREATED_BY,CREATION_DATE,LAST_UPDATED_BY,LAST_UPDATE_DATE,OBJECT_VERSION_ID) values (110,3,4,'0',to_date('15-AUG-20','DD-MON-RR'),'0',to_date('15-AUG-20','DD-MON-RR'),0);
Insert into CUSTOMER_INTERESTS (CUSTOMER_ID,CUSTOMER_INTERESTS_ID,CATEGORY_ID,CREATED_BY,CREATION_DATE,LAST_UPDATED_BY,LAST_UPDATE_DATE,OBJECT_VERSION_ID) values (111,4,1,'0',to_date('15-AUG-20','DD-MON-RR'),'0',to_date('15-AUG-20','DD-MON-RR'),0);
Insert into CUSTOMER_INTERESTS (CUSTOMER_ID,CUSTOMER_INTERESTS_ID,CATEGORY_ID,CREATED_BY,CREATION_DATE,LAST_UPDATED_BY,LAST_UPDATE_DATE,OBJECT_VERSION_ID) values (112,5,8,'0',to_date('15-AUG-20','DD-MON-RR'),'0',to_date('15-AUG-20','DD-MON-RR'),0);
Insert into CUSTOMER_INTERESTS (CUSTOMER_ID,CUSTOMER_INTERESTS_ID,CATEGORY_ID,CREATED_BY,CREATION_DATE,LAST_UPDATED_BY,LAST_UPDATE_DATE,OBJECT_VERSION_ID) values (113,6,14,'0',to_date('15-AUG-20','DD-MON-RR'),'0',to_date('15-AUG-20','DD-MON-RR'),0);
Insert into CUSTOMER_INTERESTS (CUSTOMER_ID,CUSTOMER_INTERESTS_ID,CATEGORY_ID,CREATED_BY,CREATION_DATE,LAST_UPDATED_BY,LAST_UPDATE_DATE,OBJECT_VERSION_ID) values (114,7,5,'0',to_date('15-AUG-20','DD-MON-RR'),'0',to_date('15-AUG-20','DD-MON-RR'),0);
Insert into CUSTOMER_INTERESTS (CUSTOMER_ID,CUSTOMER_INTERESTS_ID,CATEGORY_ID,CREATED_BY,CREATION_DATE,LAST_UPDATED_BY,LAST_UPDATE_DATE,OBJECT_VERSION_ID) values (115,8,7,'0',to_date('15-AUG-20','DD-MON-RR'),'0',to_date('15-AUG-20','DD-MON-RR'),0);
Insert into CUSTOMER_INTERESTS (CUSTOMER_ID,CUSTOMER_INTERESTS_ID,CATEGORY_ID,CREATED_BY,CREATION_DATE,LAST_UPDATED_BY,LAST_UPDATE_DATE,OBJECT_VERSION_ID) values (116,9,3,'0',to_date('15-AUG-20','DD-MON-RR'),'0',to_date('15-AUG-20','DD-MON-RR'),0);
Insert into CUSTOMER_INTERESTS (CUSTOMER_ID,CUSTOMER_INTERESTS_ID,CATEGORY_ID,CREATED_BY,CREATION_DATE,LAST_UPDATED_BY,LAST_UPDATE_DATE,OBJECT_VERSION_ID) values (117,10,6,'0',to_date('15-AUG-20','DD-MON-RR'),'0',to_date('15-AUG-20','DD-MON-RR'),0);
Insert into CUSTOMER_INTERESTS (CUSTOMER_ID,CUSTOMER_INTERESTS_ID,CATEGORY_ID,CREATED_BY,CREATION_DATE,LAST_UPDATED_BY,LAST_UPDATE_DATE,OBJECT_VERSION_ID) values (118,11,10,'0',to_date('15-AUG-20','DD-MON-RR'),'0',to_date('15-AUG-20','DD-MON-RR'),0);
Insert into CUSTOMER_INTERESTS (CUSTOMER_ID,CUSTOMER_INTERESTS_ID,CATEGORY_ID,CREATED_BY,CREATION_DATE,LAST_UPDATED_BY,LAST_UPDATE_DATE,OBJECT_VERSION_ID) values (119,12,13,'0',to_date('15-AUG-20','DD-MON-RR'),'0',to_date('15-AUG-20','DD-MON-RR'),0);
Insert into CUSTOMER_INTERESTS (CUSTOMER_ID,CUSTOMER_INTERESTS_ID,CATEGORY_ID,CREATED_BY,CREATION_DATE,LAST_UPDATED_BY,LAST_UPDATE_DATE,OBJECT_VERSION_ID) values (120,13,9,'0',to_date('15-AUG-20','DD-MON-RR'),'0',to_date('15-AUG-20','DD-MON-RR'),0);
Insert into CUSTOMER_INTERESTS (CUSTOMER_ID,CUSTOMER_INTERESTS_ID,CATEGORY_ID,CREATED_BY,CREATION_DATE,LAST_UPDATED_BY,LAST_UPDATE_DATE,OBJECT_VERSION_ID) values (121,14,11,'0',to_date('15-AUG-20','DD-MON-RR'),'0',to_date('15-AUG-20','DD-MON-RR'),0);
Insert into CUSTOMER_INTERESTS (CUSTOMER_ID,CUSTOMER_INTERESTS_ID,CATEGORY_ID,CREATED_BY,CREATION_DATE,LAST_UPDATED_BY,LAST_UPDATE_DATE,OBJECT_VERSION_ID) values (122,15,9,'0',to_date('15-AUG-20','DD-MON-RR'),'0',to_date('15-AUG-20','DD-MON-RR'),0);
Insert into CUSTOMER_INTERESTS (CUSTOMER_ID,CUSTOMER_INTERESTS_ID,CATEGORY_ID,CREATED_BY,CREATION_DATE,LAST_UPDATED_BY,LAST_UPDATE_DATE,OBJECT_VERSION_ID) values (123,16,11,'0',to_date('15-AUG-20','DD-MON-RR'),'0',to_date('15-AUG-20','DD-MON-RR'),0);
Insert into CUSTOMER_INTERESTS (CUSTOMER_ID,CUSTOMER_INTERESTS_ID,CATEGORY_ID,CREATED_BY,CREATION_DATE,LAST_UPDATED_BY,LAST_UPDATE_DATE,OBJECT_VERSION_ID) values (124,17,13,'0',to_date('15-AUG-20','DD-MON-RR'),'0',to_date('15-AUG-20','DD-MON-RR'),0);
Insert into CUSTOMER_INTERESTS (CUSTOMER_ID,CUSTOMER_INTERESTS_ID,CATEGORY_ID,CREATED_BY,CREATION_DATE,LAST_UPDATED_BY,LAST_UPDATE_DATE,OBJECT_VERSION_ID) values (125,18,14,'0',to_date('15-AUG-20','DD-MON-RR'),'0',to_date('15-AUG-20','DD-MON-RR'),0);
Insert into CUSTOMER_INTERESTS (CUSTOMER_ID,CUSTOMER_INTERESTS_ID,CATEGORY_ID,CREATED_BY,CREATION_DATE,LAST_UPDATED_BY,LAST_UPDATE_DATE,OBJECT_VERSION_ID) values (126,19,12,'0',to_date('15-AUG-20','DD-MON-RR'),'0',to_date('15-AUG-20','DD-MON-RR'),0);
Insert into CUSTOMER_INTERESTS (CUSTOMER_ID,CUSTOMER_INTERESTS_ID,CATEGORY_ID,CREATED_BY,CREATION_DATE,LAST_UPDATED_BY,LAST_UPDATE_DATE,OBJECT_VERSION_ID) values (127,20,9,'0',to_date('15-AUG-20','DD-MON-RR'),'0',to_date('15-AUG-20','DD-MON-RR'),0);
Insert into CUSTOMER_INTERESTS (CUSTOMER_ID,CUSTOMER_INTERESTS_ID,CATEGORY_ID,CREATED_BY,CREATION_DATE,LAST_UPDATED_BY,LAST_UPDATE_DATE,OBJECT_VERSION_ID) values (128,21,6,'0',to_date('15-AUG-20','DD-MON-RR'),'0',to_date('15-AUG-20','DD-MON-RR'),0);
Insert into CUSTOMER_INTERESTS (CUSTOMER_ID,CUSTOMER_INTERESTS_ID,CATEGORY_ID,CREATED_BY,CREATION_DATE,LAST_UPDATED_BY,LAST_UPDATE_DATE,OBJECT_VERSION_ID) values (129,22,4,'0',to_date('15-AUG-20','DD-MON-RR'),'0',to_date('15-AUG-20','DD-MON-RR'),0);
