-- REM INSERTING into DISCOUNTS_BASE
-- SET DEFINE OFF;
Insert into DISCOUNTS_BASE (DISCOUNT_ID,DISCOUNT_TYPE_CODE,DISCOUNT_AMOUNT,APPLY_AS_PERCENTAGE_FLAG,EASY_CODE,ADD_FREE_SHIPPING_FLAG,ONETIME_DISCOUNT_FLAG,CREATED_BY,CREATION_DATE,LAST_UPDATED_BY,LAST_UPDATE_DATE,OBJECT_VERSION_ID) values (1,'COUP',10,'N','TENOFF','N','Y','0',to_date('15-AUG-20','DD-MON-RR'),'0',to_date('15-AUG-20','DD-MON-RR'),0);
Insert into DISCOUNTS_BASE (DISCOUNT_ID,DISCOUNT_TYPE_CODE,DISCOUNT_AMOUNT,APPLY_AS_PERCENTAGE_FLAG,EASY_CODE,ADD_FREE_SHIPPING_FLAG,ONETIME_DISCOUNT_FLAG,CREATED_BY,CREATION_DATE,LAST_UPDATED_BY,LAST_UPDATE_DATE,OBJECT_VERSION_ID) values (2,'COUP',10,'N','TENOFFPLUS','Y','Y','0',to_date('15-AUG-20','DD-MON-RR'),'0',to_date('15-AUG-20','DD-MON-RR'),0);
Insert into DISCOUNTS_BASE (DISCOUNT_ID,DISCOUNT_TYPE_CODE,DISCOUNT_AMOUNT,APPLY_AS_PERCENTAGE_FLAG,EASY_CODE,ADD_FREE_SHIPPING_FLAG,ONETIME_DISCOUNT_FLAG,CREATED_BY,CREATION_DATE,LAST_UPDATED_BY,LAST_UPDATE_DATE,OBJECT_VERSION_ID) values (3,'MEMB',0,'N','FREESHIP','Y','Y','0',to_date('15-AUG-20','DD-MON-RR'),'0',to_date('15-AUG-20','DD-MON-RR'),0);
Insert into DISCOUNTS_BASE (DISCOUNT_ID,DISCOUNT_TYPE_CODE,DISCOUNT_AMOUNT,APPLY_AS_PERCENTAGE_FLAG,EASY_CODE,ADD_FREE_SHIPPING_FLAG,ONETIME_DISCOUNT_FLAG,CREATED_BY,CREATION_DATE,LAST_UPDATED_BY,LAST_UPDATE_DATE,OBJECT_VERSION_ID) values (4,'SLVR',5,'N','FREESHIPSLVR','Y','Y','0',to_date('15-AUG-20','DD-MON-RR'),'0',to_date('15-AUG-20','DD-MON-RR'),0);
Insert into DISCOUNTS_BASE (DISCOUNT_ID,DISCOUNT_TYPE_CODE,DISCOUNT_AMOUNT,APPLY_AS_PERCENTAGE_FLAG,EASY_CODE,ADD_FREE_SHIPPING_FLAG,ONETIME_DISCOUNT_FLAG,CREATED_BY,CREATION_DATE,LAST_UPDATED_BY,LAST_UPDATE_DATE,OBJECT_VERSION_ID) values (5,'GOLD',10,'N','FREESHIPGLD','Y','Y','0',to_date('15-AUG-20','DD-MON-RR'),'0',to_date('15-AUG-20','DD-MON-RR'),0);
Insert into DISCOUNTS_BASE (DISCOUNT_ID,DISCOUNT_TYPE_CODE,DISCOUNT_AMOUNT,APPLY_AS_PERCENTAGE_FLAG,EASY_CODE,ADD_FREE_SHIPPING_FLAG,ONETIME_DISCOUNT_FLAG,CREATED_BY,CREATION_DATE,LAST_UPDATED_BY,LAST_UPDATE_DATE,OBJECT_VERSION_ID) values (6,'CORP',12,'Y','CORP1DISC','N','Y','0',to_date('15-AUG-20','DD-MON-RR'),'0',to_date('15-AUG-20','DD-MON-RR'),0);
Insert into DISCOUNTS_BASE (DISCOUNT_ID,DISCOUNT_TYPE_CODE,DISCOUNT_AMOUNT,APPLY_AS_PERCENTAGE_FLAG,EASY_CODE,ADD_FREE_SHIPPING_FLAG,ONETIME_DISCOUNT_FLAG,CREATED_BY,CREATION_DATE,LAST_UPDATED_BY,LAST_UPDATE_DATE,OBJECT_VERSION_ID) values (7,'PART',15,'Y','PART1DISC','N','Y','0',to_date('15-AUG-20','DD-MON-RR'),'0',to_date('15-AUG-20','DD-MON-RR'),0);


-- REM INSERTING into DISCOUNT_TRANSLATIONS
-- SET DEFINE OFF;
Insert into DISCOUNT_TRANSLATIONS (DISCOUNT_TRANSLATIONS_ID,DISCOUNT_ID,DESCRIPTION,LANGUAGE,SOURCE_LANGUAGE,CREATED_BY,CREATION_DATE,LAST_UPDATED_BY,LAST_UPDATE_DATE,OBJECT_VERSION_ID) values (1,1,'$10 Dollars off any item.','EN','EN','0',to_date('15-AUG-20','DD-MON-RR'),'0',to_date('15-AUG-20','DD-MON-RR'),0);
Insert into DISCOUNT_TRANSLATIONS (DISCOUNT_TRANSLATIONS_ID,DISCOUNT_ID,DESCRIPTION,LANGUAGE,SOURCE_LANGUAGE,CREATED_BY,CREATION_DATE,LAST_UPDATED_BY,LAST_UPDATE_DATE,OBJECT_VERSION_ID) values (2,2,'$10 Dollars off any item, plus free shipping.','EN','EN','0',to_date('15-AUG-20','DD-MON-RR'),'0',to_date('15-AUG-20','DD-MON-RR'),0);
Insert into DISCOUNT_TRANSLATIONS (DISCOUNT_TRANSLATIONS_ID,DISCOUNT_ID,DESCRIPTION,LANGUAGE,SOURCE_LANGUAGE,CREATED_BY,CREATION_DATE,LAST_UPDATED_BY,LAST_UPDATE_DATE,OBJECT_VERSION_ID) values (3,3,'Value shipping for members.','EN','EN','0',to_date('15-AUG-20','DD-MON-RR'),'0',to_date('15-AUG-20','DD-MON-RR'),0);
Insert into DISCOUNT_TRANSLATIONS (DISCOUNT_TRANSLATIONS_ID,DISCOUNT_ID,DESCRIPTION,LANGUAGE,SOURCE_LANGUAGE,CREATED_BY,CREATION_DATE,LAST_UPDATED_BY,LAST_UPDATE_DATE,OBJECT_VERSION_ID) values (4,4,'Silver membership discount.','EN','EN','0',to_date('15-AUG-20','DD-MON-RR'),'0',to_date('15-AUG-20','DD-MON-RR'),0);
Insert into DISCOUNT_TRANSLATIONS (DISCOUNT_TRANSLATIONS_ID,DISCOUNT_ID,DESCRIPTION,LANGUAGE,SOURCE_LANGUAGE,CREATED_BY,CREATION_DATE,LAST_UPDATED_BY,LAST_UPDATE_DATE,OBJECT_VERSION_ID) values (5,5,'Gold membership discount.','EN','EN','0',to_date('15-AUG-20','DD-MON-RR'),'0',to_date('15-AUG-20','DD-MON-RR'),0);
Insert into DISCOUNT_TRANSLATIONS (DISCOUNT_TRANSLATIONS_ID,DISCOUNT_ID,DESCRIPTION,LANGUAGE,SOURCE_LANGUAGE,CREATED_BY,CREATION_DATE,LAST_UPDATED_BY,LAST_UPDATE_DATE,OBJECT_VERSION_ID) values (6,6,'Basic corporate discount.','EN','EN','0',to_date('15-AUG-20','DD-MON-RR'),'0',to_date('15-AUG-20','DD-MON-RR'),0);
Insert into DISCOUNT_TRANSLATIONS (DISCOUNT_TRANSLATIONS_ID,DISCOUNT_ID,DESCRIPTION,LANGUAGE,SOURCE_LANGUAGE,CREATED_BY,CREATION_DATE,LAST_UPDATED_BY,LAST_UPDATE_DATE,OBJECT_VERSION_ID) values (7,7,'Basic partner discount.','EN','EN','0',to_date('15-AUG-20','DD-MON-RR'),'0',to_date('15-AUG-20','DD-MON-RR'),0);
Insert into DISCOUNT_TRANSLATIONS (DISCOUNT_TRANSLATIONS_ID,DISCOUNT_ID,DESCRIPTION,LANGUAGE,SOURCE_LANGUAGE,CREATED_BY,CREATION_DATE,LAST_UPDATED_BY,LAST_UPDATE_DATE,OBJECT_VERSION_ID) values (8,1,'$10 Dollars off any item.','FR','EN','0',to_date('15-AUG-20','DD-MON-RR'),'0',to_date('15-AUG-20','DD-MON-RR'),0);
Insert into DISCOUNT_TRANSLATIONS (DISCOUNT_TRANSLATIONS_ID,DISCOUNT_ID,DESCRIPTION,LANGUAGE,SOURCE_LANGUAGE,CREATED_BY,CREATION_DATE,LAST_UPDATED_BY,LAST_UPDATE_DATE,OBJECT_VERSION_ID) values (9,2,'$10 Dollars off any item, plus free shipping.','FR','EN','0',to_date('15-AUG-20','DD-MON-RR'),'0',to_date('15-AUG-20','DD-MON-RR'),0);
Insert into DISCOUNT_TRANSLATIONS (DISCOUNT_TRANSLATIONS_ID,DISCOUNT_ID,DESCRIPTION,LANGUAGE,SOURCE_LANGUAGE,CREATED_BY,CREATION_DATE,LAST_UPDATED_BY,LAST_UPDATE_DATE,OBJECT_VERSION_ID) values (10,3,'Value shipping for members.','FR','EN','0',to_date('15-AUG-20','DD-MON-RR'),'0',to_date('15-AUG-20','DD-MON-RR'),0);
Insert into DISCOUNT_TRANSLATIONS (DISCOUNT_TRANSLATIONS_ID,DISCOUNT_ID,DESCRIPTION,LANGUAGE,SOURCE_LANGUAGE,CREATED_BY,CREATION_DATE,LAST_UPDATED_BY,LAST_UPDATE_DATE,OBJECT_VERSION_ID) values (11,4,'Silver membership discount.','FR','EN','0',to_date('15-AUG-20','DD-MON-RR'),'0',to_date('15-AUG-20','DD-MON-RR'),0);
Insert into DISCOUNT_TRANSLATIONS (DISCOUNT_TRANSLATIONS_ID,DISCOUNT_ID,DESCRIPTION,LANGUAGE,SOURCE_LANGUAGE,CREATED_BY,CREATION_DATE,LAST_UPDATED_BY,LAST_UPDATE_DATE,OBJECT_VERSION_ID) values (12,5,'Gold membership discount.','FR','EN','0',to_date('15-AUG-20','DD-MON-RR'),'0',to_date('15-AUG-20','DD-MON-RR'),0);
Insert into DISCOUNT_TRANSLATIONS (DISCOUNT_TRANSLATIONS_ID,DISCOUNT_ID,DESCRIPTION,LANGUAGE,SOURCE_LANGUAGE,CREATED_BY,CREATION_DATE,LAST_UPDATED_BY,LAST_UPDATE_DATE,OBJECT_VERSION_ID) values (13,6,'Basic corporate discount.','FR','EN','0',to_date('15-AUG-20','DD-MON-RR'),'0',to_date('15-AUG-20','DD-MON-RR'),0);
Insert into DISCOUNT_TRANSLATIONS (DISCOUNT_TRANSLATIONS_ID,DISCOUNT_ID,DESCRIPTION,LANGUAGE,SOURCE_LANGUAGE,CREATED_BY,CREATION_DATE,LAST_UPDATED_BY,LAST_UPDATE_DATE,OBJECT_VERSION_ID) values (14,7,'Basic partner discount.','FR','EN','0',to_date('15-AUG-20','DD-MON-RR'),'0',to_date('15-AUG-20','DD-MON-RR'),0);
Insert into DISCOUNT_TRANSLATIONS (DISCOUNT_TRANSLATIONS_ID,DISCOUNT_ID,DESCRIPTION,LANGUAGE,SOURCE_LANGUAGE,CREATED_BY,CREATION_DATE,LAST_UPDATED_BY,LAST_UPDATE_DATE,OBJECT_VERSION_ID) values (15,1,'$10 Dollars off any item.','DE','EN','0',to_date('15-AUG-20','DD-MON-RR'),'0',to_date('15-AUG-20','DD-MON-RR'),0);
Insert into DISCOUNT_TRANSLATIONS (DISCOUNT_TRANSLATIONS_ID,DISCOUNT_ID,DESCRIPTION,LANGUAGE,SOURCE_LANGUAGE,CREATED_BY,CREATION_DATE,LAST_UPDATED_BY,LAST_UPDATE_DATE,OBJECT_VERSION_ID) values (16,2,'$10 Dollars off any item, plus free shipping.','DE','EN','0',to_date('15-AUG-20','DD-MON-RR'),'0',to_date('15-AUG-20','DD-MON-RR'),0);
Insert into DISCOUNT_TRANSLATIONS (DISCOUNT_TRANSLATIONS_ID,DISCOUNT_ID,DESCRIPTION,LANGUAGE,SOURCE_LANGUAGE,CREATED_BY,CREATION_DATE,LAST_UPDATED_BY,LAST_UPDATE_DATE,OBJECT_VERSION_ID) values (17,3,'Value shipping for members.','DE','EN','0',to_date('15-AUG-20','DD-MON-RR'),'0',to_date('15-AUG-20','DD-MON-RR'),0);
Insert into DISCOUNT_TRANSLATIONS (DISCOUNT_TRANSLATIONS_ID,DISCOUNT_ID,DESCRIPTION,LANGUAGE,SOURCE_LANGUAGE,CREATED_BY,CREATION_DATE,LAST_UPDATED_BY,LAST_UPDATE_DATE,OBJECT_VERSION_ID) values (18,4,'Silver membership discount.','DE','EN','0',to_date('15-AUG-20','DD-MON-RR'),'0',to_date('15-AUG-20','DD-MON-RR'),0);
Insert into DISCOUNT_TRANSLATIONS (DISCOUNT_TRANSLATIONS_ID,DISCOUNT_ID,DESCRIPTION,LANGUAGE,SOURCE_LANGUAGE,CREATED_BY,CREATION_DATE,LAST_UPDATED_BY,LAST_UPDATE_DATE,OBJECT_VERSION_ID) values (19,5,'Gold membership discount.','DE','EN','0',to_date('15-AUG-20','DD-MON-RR'),'0',to_date('15-AUG-20','DD-MON-RR'),0);
Insert into DISCOUNT_TRANSLATIONS (DISCOUNT_TRANSLATIONS_ID,DISCOUNT_ID,DESCRIPTION,LANGUAGE,SOURCE_LANGUAGE,CREATED_BY,CREATION_DATE,LAST_UPDATED_BY,LAST_UPDATE_DATE,OBJECT_VERSION_ID) values (20,6,'Basic corporate discount.','DE','EN','0',to_date('15-AUG-20','DD-MON-RR'),'0',to_date('15-AUG-20','DD-MON-RR'),0);
Insert into DISCOUNT_TRANSLATIONS (DISCOUNT_TRANSLATIONS_ID,DISCOUNT_ID,DESCRIPTION,LANGUAGE,SOURCE_LANGUAGE,CREATED_BY,CREATION_DATE,LAST_UPDATED_BY,LAST_UPDATE_DATE,OBJECT_VERSION_ID) values (21,7,'Basic partner discount.','DE','EN','0',to_date('15-AUG-20','DD-MON-RR'),'0',to_date('15-AUG-20','DD-MON-RR'),0);
Insert into DISCOUNT_TRANSLATIONS (DISCOUNT_TRANSLATIONS_ID,DISCOUNT_ID,DESCRIPTION,LANGUAGE,SOURCE_LANGUAGE,CREATED_BY,CREATION_DATE,LAST_UPDATED_BY,LAST_UPDATE_DATE,OBJECT_VERSION_ID) values (22,1,'$10 Dollars off any item.','EL','EN','0',to_date('15-AUG-20','DD-MON-RR'),'0',to_date('15-AUG-20','DD-MON-RR'),0);
Insert into DISCOUNT_TRANSLATIONS (DISCOUNT_TRANSLATIONS_ID,DISCOUNT_ID,DESCRIPTION,LANGUAGE,SOURCE_LANGUAGE,CREATED_BY,CREATION_DATE,LAST_UPDATED_BY,LAST_UPDATE_DATE,OBJECT_VERSION_ID) values (23,2,'$10 Dollars off any item, plus free shipping.','EL','EN','0',to_date('15-AUG-20','DD-MON-RR'),'0',to_date('15-AUG-20','DD-MON-RR'),0);
Insert into DISCOUNT_TRANSLATIONS (DISCOUNT_TRANSLATIONS_ID,DISCOUNT_ID,DESCRIPTION,LANGUAGE,SOURCE_LANGUAGE,CREATED_BY,CREATION_DATE,LAST_UPDATED_BY,LAST_UPDATE_DATE,OBJECT_VERSION_ID) values (24,3,'Value shipping for members.','EL','EN','0',to_date('15-AUG-20','DD-MON-RR'),'0',to_date('15-AUG-20','DD-MON-RR'),0);
Insert into DISCOUNT_TRANSLATIONS (DISCOUNT_TRANSLATIONS_ID,DISCOUNT_ID,DESCRIPTION,LANGUAGE,SOURCE_LANGUAGE,CREATED_BY,CREATION_DATE,LAST_UPDATED_BY,LAST_UPDATE_DATE,OBJECT_VERSION_ID) values (25,4,'Silver membership discount.','EL','EN','0',to_date('15-AUG-20','DD-MON-RR'),'0',to_date('15-AUG-20','DD-MON-RR'),0);
Insert into DISCOUNT_TRANSLATIONS (DISCOUNT_TRANSLATIONS_ID,DISCOUNT_ID,DESCRIPTION,LANGUAGE,SOURCE_LANGUAGE,CREATED_BY,CREATION_DATE,LAST_UPDATED_BY,LAST_UPDATE_DATE,OBJECT_VERSION_ID) values (26,5,'Gold membership discount.','EL','EN','0',to_date('15-AUG-20','DD-MON-RR'),'0',to_date('15-AUG-20','DD-MON-RR'),0);
Insert into DISCOUNT_TRANSLATIONS (DISCOUNT_TRANSLATIONS_ID,DISCOUNT_ID,DESCRIPTION,LANGUAGE,SOURCE_LANGUAGE,CREATED_BY,CREATION_DATE,LAST_UPDATED_BY,LAST_UPDATE_DATE,OBJECT_VERSION_ID) values (27,6,'Basic corporate discount.','EL','EN','0',to_date('15-AUG-20','DD-MON-RR'),'0',to_date('15-AUG-20','DD-MON-RR'),0);
Insert into DISCOUNT_TRANSLATIONS (DISCOUNT_TRANSLATIONS_ID,DISCOUNT_ID,DESCRIPTION,LANGUAGE,SOURCE_LANGUAGE,CREATED_BY,CREATION_DATE,LAST_UPDATED_BY,LAST_UPDATE_DATE,OBJECT_VERSION_ID) values (28,7,'Basic partner discount.','EL','EN','0',to_date('15-AUG-20','DD-MON-RR'),'0',to_date('15-AUG-20','DD-MON-RR'),0);
Insert into DISCOUNT_TRANSLATIONS (DISCOUNT_TRANSLATIONS_ID,DISCOUNT_ID,DESCRIPTION,LANGUAGE,SOURCE_LANGUAGE,CREATED_BY,CREATION_DATE,LAST_UPDATED_BY,LAST_UPDATE_DATE,OBJECT_VERSION_ID) values (29,1,'$10 Dollars off any item.','JA','EN','0',to_date('15-AUG-20','DD-MON-RR'),'0',to_date('15-AUG-20','DD-MON-RR'),0);
Insert into DISCOUNT_TRANSLATIONS (DISCOUNT_TRANSLATIONS_ID,DISCOUNT_ID,DESCRIPTION,LANGUAGE,SOURCE_LANGUAGE,CREATED_BY,CREATION_DATE,LAST_UPDATED_BY,LAST_UPDATE_DATE,OBJECT_VERSION_ID) values (30,2,'$10 Dollars off any item, plus free shipping.','JA','EN','0',to_date('15-AUG-20','DD-MON-RR'),'0',to_date('15-AUG-20','DD-MON-RR'),0);
Insert into DISCOUNT_TRANSLATIONS (DISCOUNT_TRANSLATIONS_ID,DISCOUNT_ID,DESCRIPTION,LANGUAGE,SOURCE_LANGUAGE,CREATED_BY,CREATION_DATE,LAST_UPDATED_BY,LAST_UPDATE_DATE,OBJECT_VERSION_ID) values (31,3,'Value shipping for members.','JA','EN','0',to_date('15-AUG-20','DD-MON-RR'),'0',to_date('15-AUG-20','DD-MON-RR'),0);
Insert into DISCOUNT_TRANSLATIONS (DISCOUNT_TRANSLATIONS_ID,DISCOUNT_ID,DESCRIPTION,LANGUAGE,SOURCE_LANGUAGE,CREATED_BY,CREATION_DATE,LAST_UPDATED_BY,LAST_UPDATE_DATE,OBJECT_VERSION_ID) values (32,4,'Silver membership discount.','JA','EN','0',to_date('15-AUG-20','DD-MON-RR'),'0',to_date('15-AUG-20','DD-MON-RR'),0);
Insert into DISCOUNT_TRANSLATIONS (DISCOUNT_TRANSLATIONS_ID,DISCOUNT_ID,DESCRIPTION,LANGUAGE,SOURCE_LANGUAGE,CREATED_BY,CREATION_DATE,LAST_UPDATED_BY,LAST_UPDATE_DATE,OBJECT_VERSION_ID) values (33,5,'Gold membership discount.','JA','EN','0',to_date('15-AUG-20','DD-MON-RR'),'0',to_date('15-AUG-20','DD-MON-RR'),0);
Insert into DISCOUNT_TRANSLATIONS (DISCOUNT_TRANSLATIONS_ID,DISCOUNT_ID,DESCRIPTION,LANGUAGE,SOURCE_LANGUAGE,CREATED_BY,CREATION_DATE,LAST_UPDATED_BY,LAST_UPDATE_DATE,OBJECT_VERSION_ID) values (34,6,'Basic corporate discount.','JA','EN','0',to_date('15-AUG-20','DD-MON-RR'),'0',to_date('15-AUG-20','DD-MON-RR'),0);
Insert into DISCOUNT_TRANSLATIONS (DISCOUNT_TRANSLATIONS_ID,DISCOUNT_ID,DESCRIPTION,LANGUAGE,SOURCE_LANGUAGE,CREATED_BY,CREATION_DATE,LAST_UPDATED_BY,LAST_UPDATE_DATE,OBJECT_VERSION_ID) values (35,7,'Basic partner discount.','JA','EN','0',to_date('15-AUG-20','DD-MON-RR'),'0',to_date('15-AUG-20','DD-MON-RR'),0);


-- REM INSERTING into COUPON_USAGES
-- SET DEFINE OFF;
Insert into COUPON_USAGES (CUSTOMER_ID,DISCOUNT_ID,APPLIED_DATE,ORDER_ID,CREATED_BY,CREATION_DATE,LAST_UPDATED_BY,LAST_UPDATE_DATE,OBJECT_VERSION_ID) values (108,1,to_date('04-AUG-20','DD-MON-RR'),1001,'0',to_date('15-AUG-20','DD-MON-RR'),'0',to_date('15-AUG-20','DD-MON-RR'),0);
Insert into COUPON_USAGES (CUSTOMER_ID,DISCOUNT_ID,APPLIED_DATE,ORDER_ID,CREATED_BY,CREATION_DATE,LAST_UPDATED_BY,LAST_UPDATE_DATE,OBJECT_VERSION_ID) values (109,2,to_date('12-AUG-20','DD-MON-RR'),1009,'0',to_date('15-AUG-20','DD-MON-RR'),'0',to_date('15-AUG-20','DD-MON-RR'),0);


-- REM INSERTING into ELIGIBLE_DISCOUNTS
-- SET DEFINE OFF;
Insert into ELIGIBLE_DISCOUNTS (MEMBERSHIP_ID,DISCOUNT_ID,VALID_FROM_DATE,VALID_TO_DATE,CREATED_BY,CREATION_DATE,LAST_UPDATED_BY,LAST_UPDATE_DATE,OBJECT_VERSION_ID) values (1,3,to_date('15-AUG-20','DD-MON-RR'),to_date('15-FEB-21','DD-MON-RR'),'0',to_date('15-AUG-20','DD-MON-RR'),'0',to_date('15-AUG-20','DD-MON-RR'),0);
Insert into ELIGIBLE_DISCOUNTS (MEMBERSHIP_ID,DISCOUNT_ID,VALID_FROM_DATE,VALID_TO_DATE,CREATED_BY,CREATION_DATE,LAST_UPDATED_BY,LAST_UPDATE_DATE,OBJECT_VERSION_ID) values (2,5,to_date('15-AUG-20','DD-MON-RR'),to_date('15-FEB-22','DD-MON-RR'),'0',to_date('15-AUG-20','DD-MON-RR'),'0',to_date('15-AUG-20','DD-MON-RR'),0);
Insert into ELIGIBLE_DISCOUNTS (MEMBERSHIP_ID,DISCOUNT_ID,VALID_FROM_DATE,VALID_TO_DATE,CREATED_BY,CREATION_DATE,LAST_UPDATED_BY,LAST_UPDATE_DATE,OBJECT_VERSION_ID) values (3,6,to_date('15-AUG-20','DD-MON-RR'),to_date('15-FEB-23','DD-MON-RR'),'0',to_date('15-AUG-20','DD-MON-RR'),'0',to_date('15-AUG-20','DD-MON-RR'),0);
Insert into ELIGIBLE_DISCOUNTS (MEMBERSHIP_ID,DISCOUNT_ID,VALID_FROM_DATE,VALID_TO_DATE,CREATED_BY,CREATION_DATE,LAST_UPDATED_BY,LAST_UPDATE_DATE,OBJECT_VERSION_ID) values (4,7,to_date('15-AUG-20','DD-MON-RR'),to_date('15-SEP-22','DD-MON-RR'),'0',to_date('15-AUG-20','DD-MON-RR'),'0',to_date('15-AUG-20','DD-MON-RR'),0);
Insert into ELIGIBLE_DISCOUNTS (MEMBERSHIP_ID,DISCOUNT_ID,VALID_FROM_DATE,VALID_TO_DATE,CREATED_BY,CREATION_DATE,LAST_UPDATED_BY,LAST_UPDATE_DATE,OBJECT_VERSION_ID) values (5,3,to_date('15-AUG-20','DD-MON-RR'),to_date('15-FEB-21','DD-MON-RR'),'0',to_date('15-AUG-20','DD-MON-RR'),'0',to_date('15-AUG-20','DD-MON-RR'),0);
Insert into ELIGIBLE_DISCOUNTS (MEMBERSHIP_ID,DISCOUNT_ID,VALID_FROM_DATE,VALID_TO_DATE,CREATED_BY,CREATION_DATE,LAST_UPDATED_BY,LAST_UPDATE_DATE,OBJECT_VERSION_ID) values (6,6,to_date('15-AUG-20','DD-MON-RR'),to_date('15-FEB-23','DD-MON-RR'),'0',to_date('15-AUG-20','DD-MON-RR'),'0',to_date('15-AUG-20','DD-MON-RR'),0);
Insert into ELIGIBLE_DISCOUNTS (MEMBERSHIP_ID,DISCOUNT_ID,VALID_FROM_DATE,VALID_TO_DATE,CREATED_BY,CREATION_DATE,LAST_UPDATED_BY,LAST_UPDATE_DATE,OBJECT_VERSION_ID) values (7,5,to_date('15-AUG-20','DD-MON-RR'),to_date('15-FEB-22','DD-MON-RR'),'0',to_date('15-AUG-20','DD-MON-RR'),'0',to_date('15-AUG-20','DD-MON-RR'),0);
Insert into ELIGIBLE_DISCOUNTS (MEMBERSHIP_ID,DISCOUNT_ID,VALID_FROM_DATE,VALID_TO_DATE,CREATED_BY,CREATION_DATE,LAST_UPDATED_BY,LAST_UPDATE_DATE,OBJECT_VERSION_ID) values (8,5,to_date('15-AUG-20','DD-MON-RR'),to_date('15-FEB-22','DD-MON-RR'),'0',to_date('15-AUG-20','DD-MON-RR'),'0',to_date('15-AUG-20','DD-MON-RR'),0);
Insert into ELIGIBLE_DISCOUNTS (MEMBERSHIP_ID,DISCOUNT_ID,VALID_FROM_DATE,VALID_TO_DATE,CREATED_BY,CREATION_DATE,LAST_UPDATED_BY,LAST_UPDATE_DATE,OBJECT_VERSION_ID) values (9,4,to_date('15-AUG-20','DD-MON-RR'),to_date('15-AUG-21','DD-MON-RR'),'0',to_date('15-AUG-20','DD-MON-RR'),'0',to_date('15-AUG-20','DD-MON-RR'),0);
Insert into ELIGIBLE_DISCOUNTS (MEMBERSHIP_ID,DISCOUNT_ID,VALID_FROM_DATE,VALID_TO_DATE,CREATED_BY,CREATION_DATE,LAST_UPDATED_BY,LAST_UPDATE_DATE,OBJECT_VERSION_ID) values (10,6,to_date('15-AUG-20','DD-MON-RR'),to_date('15-FEB-23','DD-MON-RR'),'0',to_date('15-AUG-20','DD-MON-RR'),'0',to_date('15-AUG-20','DD-MON-RR'),0);
Insert into ELIGIBLE_DISCOUNTS (MEMBERSHIP_ID,DISCOUNT_ID,VALID_FROM_DATE,VALID_TO_DATE,CREATED_BY,CREATION_DATE,LAST_UPDATED_BY,LAST_UPDATE_DATE,OBJECT_VERSION_ID) values (11,6,to_date('15-AUG-20','DD-MON-RR'),to_date('15-FEB-23','DD-MON-RR'),'0',to_date('15-AUG-20','DD-MON-RR'),'0',to_date('15-AUG-20','DD-MON-RR'),0);
Insert into ELIGIBLE_DISCOUNTS (MEMBERSHIP_ID,DISCOUNT_ID,VALID_FROM_DATE,VALID_TO_DATE,CREATED_BY,CREATION_DATE,LAST_UPDATED_BY,LAST_UPDATE_DATE,OBJECT_VERSION_ID) values (12,4,to_date('15-AUG-20','DD-MON-RR'),to_date('15-AUG-21','DD-MON-RR'),'0',to_date('15-AUG-20','DD-MON-RR'),'0',to_date('15-AUG-20','DD-MON-RR'),0);
Insert into ELIGIBLE_DISCOUNTS (MEMBERSHIP_ID,DISCOUNT_ID,VALID_FROM_DATE,VALID_TO_DATE,CREATED_BY,CREATION_DATE,LAST_UPDATED_BY,LAST_UPDATE_DATE,OBJECT_VERSION_ID) values (13,7,to_date('15-AUG-20','DD-MON-RR'),to_date('15-SEP-22','DD-MON-RR'),'0',to_date('15-AUG-20','DD-MON-RR'),'0',to_date('15-AUG-20','DD-MON-RR'),0);
Insert into ELIGIBLE_DISCOUNTS (MEMBERSHIP_ID,DISCOUNT_ID,VALID_FROM_DATE,VALID_TO_DATE,CREATED_BY,CREATION_DATE,LAST_UPDATED_BY,LAST_UPDATE_DATE,OBJECT_VERSION_ID) values (14,7,to_date('15-AUG-20','DD-MON-RR'),to_date('15-SEP-22','DD-MON-RR'),'0',to_date('15-AUG-20','DD-MON-RR'),'0',to_date('15-AUG-20','DD-MON-RR'),0);


-- REM INSERTING into PAYMENT_OPTIONS
-- SET DEFINE OFF;
Insert into PAYMENT_OPTIONS (PAYMENT_OPTION_ID,CUSTOMER_ID,PAYMENT_TYPE_CODE,BILLING_ADDRESS_ID,ACCOUNT_NUMBER,CARD_TYPE_CODE,EXPIRE_DATE,CHECK_DIGITS,ROUTING_IDENTIFIER,INSTITUTION_NAME,VALID_FROM_DATE,VALID_TO_DATE,CREATED_BY,CREATION_DATE,LAST_UPDATED_BY,LAST_UPDATE_DATE,OBJECT_VERSION_ID) values (1001,108,'CC',3,4111111111111111,'VISA',to_date('15-FEB-23','DD-MON-RR'),333,null,null,to_date('15-AUG-20','DD-MON-RR'),to_date('28-FEB-23','DD-MON-RR'),'0',to_date('15-AUG-20','DD-MON-RR'),'0',to_date('15-AUG-20','DD-MON-RR'),0);
Insert into PAYMENT_OPTIONS (PAYMENT_OPTION_ID,CUSTOMER_ID,PAYMENT_TYPE_CODE,BILLING_ADDRESS_ID,ACCOUNT_NUMBER,CARD_TYPE_CODE,EXPIRE_DATE,CHECK_DIGITS,ROUTING_IDENTIFIER,INSTITUTION_NAME,VALID_FROM_DATE,VALID_TO_DATE,CREATED_BY,CREATION_DATE,LAST_UPDATED_BY,LAST_UPDATE_DATE,OBJECT_VERSION_ID) values (1002,108,'CC',3,378282246310005,'AMEX',to_date('15-JUN-22','DD-MON-RR'),333,null,null,to_date('15-AUG-20','DD-MON-RR'),to_date('28-FEB-23','DD-MON-RR'),'0',to_date('15-AUG-20','DD-MON-RR'),'0',to_date('15-AUG-20','DD-MON-RR'),0);
Insert into PAYMENT_OPTIONS (PAYMENT_OPTION_ID,CUSTOMER_ID,PAYMENT_TYPE_CODE,BILLING_ADDRESS_ID,ACCOUNT_NUMBER,CARD_TYPE_CODE,EXPIRE_DATE,CHECK_DIGITS,ROUTING_IDENTIFIER,INSTITUTION_NAME,VALID_FROM_DATE,VALID_TO_DATE,CREATED_BY,CREATION_DATE,LAST_UPDATED_BY,LAST_UPDATE_DATE,OBJECT_VERSION_ID) values (1003,108,'DD',3,123456765432,null,null,null,'789456124','Western States Bank',to_date('15-AUG-20','DD-MON-RR'),null,'0',to_date('15-AUG-20','DD-MON-RR'),'0',to_date('15-AUG-20','DD-MON-RR'),0);
Insert into PAYMENT_OPTIONS (PAYMENT_OPTION_ID,CUSTOMER_ID,PAYMENT_TYPE_CODE,BILLING_ADDRESS_ID,ACCOUNT_NUMBER,CARD_TYPE_CODE,EXPIRE_DATE,CHECK_DIGITS,ROUTING_IDENTIFIER,INSTITUTION_NAME,VALID_FROM_DATE,VALID_TO_DATE,CREATED_BY,CREATION_DATE,LAST_UPDATED_BY,LAST_UPDATE_DATE,OBJECT_VERSION_ID) values (1004,109,'CC',4,4012888888881881,'VISA',to_date('15-AUG-21','DD-MON-RR'),333,null,null,to_date('15-AUG-20','DD-MON-RR'),to_date('28-FEB-23','DD-MON-RR'),'0',to_date('15-AUG-20','DD-MON-RR'),'0',to_date('15-AUG-20','DD-MON-RR'),0);
Insert into PAYMENT_OPTIONS (PAYMENT_OPTION_ID,CUSTOMER_ID,PAYMENT_TYPE_CODE,BILLING_ADDRESS_ID,ACCOUNT_NUMBER,CARD_TYPE_CODE,EXPIRE_DATE,CHECK_DIGITS,ROUTING_IDENTIFIER,INSTITUTION_NAME,VALID_FROM_DATE,VALID_TO_DATE,CREATED_BY,CREATION_DATE,LAST_UPDATED_BY,LAST_UPDATE_DATE,OBJECT_VERSION_ID) values (1005,110,'DD',5,9876543219876,null,null,null,'9874321','Eastern Credit Union',to_date('15-AUG-20','DD-MON-RR'),null,'0',to_date('15-AUG-20','DD-MON-RR'),'0',to_date('15-AUG-20','DD-MON-RR'),0);
Insert into PAYMENT_OPTIONS (PAYMENT_OPTION_ID,CUSTOMER_ID,PAYMENT_TYPE_CODE,BILLING_ADDRESS_ID,ACCOUNT_NUMBER,CARD_TYPE_CODE,EXPIRE_DATE,CHECK_DIGITS,ROUTING_IDENTIFIER,INSTITUTION_NAME,VALID_FROM_DATE,VALID_TO_DATE,CREATED_BY,CREATION_DATE,LAST_UPDATED_BY,LAST_UPDATE_DATE,OBJECT_VERSION_ID) values (1006,111,'CC',7,5555555555551111,'MSTR',to_date('15-SEP-22','DD-MON-RR'),333,null,null,to_date('15-AUG-20','DD-MON-RR'),to_date('28-FEB-23','DD-MON-RR'),'0',to_date('15-AUG-20','DD-MON-RR'),'0',to_date('15-AUG-20','DD-MON-RR'),0);
Insert into PAYMENT_OPTIONS (PAYMENT_OPTION_ID,CUSTOMER_ID,PAYMENT_TYPE_CODE,BILLING_ADDRESS_ID,ACCOUNT_NUMBER,CARD_TYPE_CODE,EXPIRE_DATE,CHECK_DIGITS,ROUTING_IDENTIFIER,INSTITUTION_NAME,VALID_FROM_DATE,VALID_TO_DATE,CREATED_BY,CREATION_DATE,LAST_UPDATED_BY,LAST_UPDATE_DATE,OBJECT_VERSION_ID) values (1007,112,'PP',11,65432287,null,null,null,null,null,to_date('15-AUG-20','DD-MON-RR'),null,'0',to_date('15-AUG-20','DD-MON-RR'),'0',to_date('15-AUG-20','DD-MON-RR'),0);
Insert into PAYMENT_OPTIONS (PAYMENT_OPTION_ID,CUSTOMER_ID,PAYMENT_TYPE_CODE,BILLING_ADDRESS_ID,ACCOUNT_NUMBER,CARD_TYPE_CODE,EXPIRE_DATE,CHECK_DIGITS,ROUTING_IDENTIFIER,INSTITUTION_NAME,VALID_FROM_DATE,VALID_TO_DATE,CREATED_BY,CREATION_DATE,LAST_UPDATED_BY,LAST_UPDATE_DATE,OBJECT_VERSION_ID) values (1008,113,'CC',12,5500000000000004,'MSTR',to_date('15-OCT-21','DD-MON-RR'),333,null,null,to_date('15-AUG-20','DD-MON-RR'),to_date('28-FEB-23','DD-MON-RR'),'0',to_date('15-AUG-20','DD-MON-RR'),'0',to_date('15-AUG-20','DD-MON-RR'),0);
Insert into PAYMENT_OPTIONS (PAYMENT_OPTION_ID,CUSTOMER_ID,PAYMENT_TYPE_CODE,BILLING_ADDRESS_ID,ACCOUNT_NUMBER,CARD_TYPE_CODE,EXPIRE_DATE,CHECK_DIGITS,ROUTING_IDENTIFIER,INSTITUTION_NAME,VALID_FROM_DATE,VALID_TO_DATE,CREATED_BY,CREATION_DATE,LAST_UPDATED_BY,LAST_UPDATE_DATE,OBJECT_VERSION_ID) values (1009,114,'CC',15,5105105105105100,'MSTR',to_date('15-DEC-21','DD-MON-RR'),333,null,null,to_date('15-AUG-20','DD-MON-RR'),to_date('28-FEB-23','DD-MON-RR'),'0',to_date('15-AUG-20','DD-MON-RR'),'0',to_date('15-AUG-20','DD-MON-RR'),0);
Insert into PAYMENT_OPTIONS (PAYMENT_OPTION_ID,CUSTOMER_ID,PAYMENT_TYPE_CODE,BILLING_ADDRESS_ID,ACCOUNT_NUMBER,CARD_TYPE_CODE,EXPIRE_DATE,CHECK_DIGITS,ROUTING_IDENTIFIER,INSTITUTION_NAME,VALID_FROM_DATE,VALID_TO_DATE,CREATED_BY,CREATION_DATE,LAST_UPDATED_BY,LAST_UPDATE_DATE,OBJECT_VERSION_ID) values (1010,115,'PP',16,3498763,null,null,null,null,null,to_date('15-AUG-20','DD-MON-RR'),null,'0',to_date('15-AUG-20','DD-MON-RR'),'0',to_date('15-AUG-20','DD-MON-RR'),0);
Insert into PAYMENT_OPTIONS (PAYMENT_OPTION_ID,CUSTOMER_ID,PAYMENT_TYPE_CODE,BILLING_ADDRESS_ID,ACCOUNT_NUMBER,CARD_TYPE_CODE,EXPIRE_DATE,CHECK_DIGITS,ROUTING_IDENTIFIER,INSTITUTION_NAME,VALID_FROM_DATE,VALID_TO_DATE,CREATED_BY,CREATION_DATE,LAST_UPDATED_BY,LAST_UPDATE_DATE,OBJECT_VERSION_ID) values (1011,116,'CC',17,343434343434343,'AMEX',to_date('15-MAY-22','DD-MON-RR'),333,null,null,to_date('15-AUG-20','DD-MON-RR'),to_date('28-FEB-23','DD-MON-RR'),'0',to_date('15-AUG-20','DD-MON-RR'),'0',to_date('15-AUG-20','DD-MON-RR'),0);
Insert into PAYMENT_OPTIONS (PAYMENT_OPTION_ID,CUSTOMER_ID,PAYMENT_TYPE_CODE,BILLING_ADDRESS_ID,ACCOUNT_NUMBER,CARD_TYPE_CODE,EXPIRE_DATE,CHECK_DIGITS,ROUTING_IDENTIFIER,INSTITUTION_NAME,VALID_FROM_DATE,VALID_TO_DATE,CREATED_BY,CREATION_DATE,LAST_UPDATED_BY,LAST_UPDATE_DATE,OBJECT_VERSION_ID) values (1012,117,'DD',18,4408041234567893,null,to_date('15-FEB-23','DD-MON-RR'),333,null,null,to_date('15-AUG-20','DD-MON-RR'),to_date('28-FEB-23','DD-MON-RR'),'0',to_date('15-AUG-20','DD-MON-RR'),'0',to_date('15-AUG-20','DD-MON-RR'),0);
Insert into PAYMENT_OPTIONS (PAYMENT_OPTION_ID,CUSTOMER_ID,PAYMENT_TYPE_CODE,BILLING_ADDRESS_ID,ACCOUNT_NUMBER,CARD_TYPE_CODE,EXPIRE_DATE,CHECK_DIGITS,ROUTING_IDENTIFIER,INSTITUTION_NAME,VALID_FROM_DATE,VALID_TO_DATE,CREATED_BY,CREATION_DATE,LAST_UPDATED_BY,LAST_UPDATE_DATE,OBJECT_VERSION_ID) values (1013,118,'IN',1,9531793216,null,null,null,null,null,to_date('15-AUG-20','DD-MON-RR'),null,'0',to_date('15-AUG-20','DD-MON-RR'),'0',to_date('15-AUG-20','DD-MON-RR'),0);
Insert into PAYMENT_OPTIONS (PAYMENT_OPTION_ID,CUSTOMER_ID,PAYMENT_TYPE_CODE,BILLING_ADDRESS_ID,ACCOUNT_NUMBER,CARD_TYPE_CODE,EXPIRE_DATE,CHECK_DIGITS,ROUTING_IDENTIFIER,INSTITUTION_NAME,VALID_FROM_DATE,VALID_TO_DATE,CREATED_BY,CREATION_DATE,LAST_UPDATED_BY,LAST_UPDATE_DATE,OBJECT_VERSION_ID) values (1014,119,'DD',20,7642096532,null,null,null,'43275983','First Southern Bank',to_date('15-AUG-20','DD-MON-RR'),null,'0',to_date('15-AUG-20','DD-MON-RR'),'0',to_date('15-AUG-20','DD-MON-RR'),0);
Insert into PAYMENT_OPTIONS (PAYMENT_OPTION_ID,CUSTOMER_ID,PAYMENT_TYPE_CODE,BILLING_ADDRESS_ID,ACCOUNT_NUMBER,CARD_TYPE_CODE,EXPIRE_DATE,CHECK_DIGITS,ROUTING_IDENTIFIER,INSTITUTION_NAME,VALID_FROM_DATE,VALID_TO_DATE,CREATED_BY,CREATION_DATE,LAST_UPDATED_BY,LAST_UPDATE_DATE,OBJECT_VERSION_ID) values (1015,120,'CC',21,5555555555554444,'MSTR',to_date('15-NOV-22','DD-MON-RR'),333,null,null,to_date('15-AUG-20','DD-MON-RR'),to_date('28-FEB-23','DD-MON-RR'),'0',to_date('15-AUG-20','DD-MON-RR'),'0',to_date('15-AUG-20','DD-MON-RR'),0);
Insert into PAYMENT_OPTIONS (PAYMENT_OPTION_ID,CUSTOMER_ID,PAYMENT_TYPE_CODE,BILLING_ADDRESS_ID,ACCOUNT_NUMBER,CARD_TYPE_CODE,EXPIRE_DATE,CHECK_DIGITS,ROUTING_IDENTIFIER,INSTITUTION_NAME,VALID_FROM_DATE,VALID_TO_DATE,CREATED_BY,CREATION_DATE,LAST_UPDATED_BY,LAST_UPDATE_DATE,OBJECT_VERSION_ID) values (1016,108,'IN',3,95317932161,null,null,null,null,null,to_date('15-AUG-20','DD-MON-RR'),null,'0',to_date('15-AUG-20','DD-MON-RR'),'0',to_date('15-AUG-20','DD-MON-RR'),0);
Insert into PAYMENT_OPTIONS (PAYMENT_OPTION_ID,CUSTOMER_ID,PAYMENT_TYPE_CODE,BILLING_ADDRESS_ID,ACCOUNT_NUMBER,CARD_TYPE_CODE,EXPIRE_DATE,CHECK_DIGITS,ROUTING_IDENTIFIER,INSTITUTION_NAME,VALID_FROM_DATE,VALID_TO_DATE,CREATED_BY,CREATION_DATE,LAST_UPDATED_BY,LAST_UPDATE_DATE,OBJECT_VERSION_ID) values (1017,109,'IN',4,95317932161,null,null,null,null,null,to_date('15-AUG-20','DD-MON-RR'),null,'0',to_date('15-AUG-20','DD-MON-RR'),'0',to_date('15-AUG-20','DD-MON-RR'),0);
Insert into PAYMENT_OPTIONS (PAYMENT_OPTION_ID,CUSTOMER_ID,PAYMENT_TYPE_CODE,BILLING_ADDRESS_ID,ACCOUNT_NUMBER,CARD_TYPE_CODE,EXPIRE_DATE,CHECK_DIGITS,ROUTING_IDENTIFIER,INSTITUTION_NAME,VALID_FROM_DATE,VALID_TO_DATE,CREATED_BY,CREATION_DATE,LAST_UPDATED_BY,LAST_UPDATE_DATE,OBJECT_VERSION_ID) values (1018,110,'IN',5,95317932161,null,null,null,null,null,to_date('15-AUG-20','DD-MON-RR'),null,'0',to_date('15-AUG-20','DD-MON-RR'),'0',to_date('15-AUG-20','DD-MON-RR'),0);
Insert into PAYMENT_OPTIONS (PAYMENT_OPTION_ID,CUSTOMER_ID,PAYMENT_TYPE_CODE,BILLING_ADDRESS_ID,ACCOUNT_NUMBER,CARD_TYPE_CODE,EXPIRE_DATE,CHECK_DIGITS,ROUTING_IDENTIFIER,INSTITUTION_NAME,VALID_FROM_DATE,VALID_TO_DATE,CREATED_BY,CREATION_DATE,LAST_UPDATED_BY,LAST_UPDATE_DATE,OBJECT_VERSION_ID) values (1019,114,'IN',2,95317932161,null,null,null,null,null,to_date('15-AUG-20','DD-MON-RR'),null,'0',to_date('15-AUG-20','DD-MON-RR'),'0',to_date('15-AUG-20','DD-MON-RR'),0);
Insert into PAYMENT_OPTIONS (PAYMENT_OPTION_ID,CUSTOMER_ID,PAYMENT_TYPE_CODE,BILLING_ADDRESS_ID,ACCOUNT_NUMBER,CARD_TYPE_CODE,EXPIRE_DATE,CHECK_DIGITS,ROUTING_IDENTIFIER,INSTITUTION_NAME,VALID_FROM_DATE,VALID_TO_DATE,CREATED_BY,CREATION_DATE,LAST_UPDATED_BY,LAST_UPDATE_DATE,OBJECT_VERSION_ID) values (1020,100,'IN',2,95317932161,null,null,null,null,null,to_date('15-AUG-20','DD-MON-RR'),null,'0',to_date('15-AUG-20','DD-MON-RR'),'0',to_date('15-AUG-20','DD-MON-RR'),0);
Insert into PAYMENT_OPTIONS (PAYMENT_OPTION_ID,CUSTOMER_ID,PAYMENT_TYPE_CODE,BILLING_ADDRESS_ID,ACCOUNT_NUMBER,CARD_TYPE_CODE,EXPIRE_DATE,CHECK_DIGITS,ROUTING_IDENTIFIER,INSTITUTION_NAME,VALID_FROM_DATE,VALID_TO_DATE,CREATED_BY,CREATION_DATE,LAST_UPDATED_BY,LAST_UPDATE_DATE,OBJECT_VERSION_ID) values (1021,101,'IN',2,95317932161,null,null,null,null,null,to_date('15-AUG-20','DD-MON-RR'),null,'0',to_date('15-AUG-20','DD-MON-RR'),'0',to_date('15-AUG-20','DD-MON-RR'),0);
Insert into PAYMENT_OPTIONS (PAYMENT_OPTION_ID,CUSTOMER_ID,PAYMENT_TYPE_CODE,BILLING_ADDRESS_ID,ACCOUNT_NUMBER,CARD_TYPE_CODE,EXPIRE_DATE,CHECK_DIGITS,ROUTING_IDENTIFIER,INSTITUTION_NAME,VALID_FROM_DATE,VALID_TO_DATE,CREATED_BY,CREATION_DATE,LAST_UPDATED_BY,LAST_UPDATE_DATE,OBJECT_VERSION_ID) values (1022,102,'IN',2,95317932161,null,null,null,null,null,to_date('15-AUG-20','DD-MON-RR'),null,'0',to_date('15-AUG-20','DD-MON-RR'),'0',to_date('15-AUG-20','DD-MON-RR'),0);
Insert into PAYMENT_OPTIONS (PAYMENT_OPTION_ID,CUSTOMER_ID,PAYMENT_TYPE_CODE,BILLING_ADDRESS_ID,ACCOUNT_NUMBER,CARD_TYPE_CODE,EXPIRE_DATE,CHECK_DIGITS,ROUTING_IDENTIFIER,INSTITUTION_NAME,VALID_FROM_DATE,VALID_TO_DATE,CREATED_BY,CREATION_DATE,LAST_UPDATED_BY,LAST_UPDATE_DATE,OBJECT_VERSION_ID) values (1023,103,'IN',2,95317932161,null,null,null,null,null,to_date('15-AUG-20','DD-MON-RR'),null,'0',to_date('15-AUG-20','DD-MON-RR'),'0',to_date('15-AUG-20','DD-MON-RR'),0);
Insert into PAYMENT_OPTIONS (PAYMENT_OPTION_ID,CUSTOMER_ID,PAYMENT_TYPE_CODE,BILLING_ADDRESS_ID,ACCOUNT_NUMBER,CARD_TYPE_CODE,EXPIRE_DATE,CHECK_DIGITS,ROUTING_IDENTIFIER,INSTITUTION_NAME,VALID_FROM_DATE,VALID_TO_DATE,CREATED_BY,CREATION_DATE,LAST_UPDATED_BY,LAST_UPDATE_DATE,OBJECT_VERSION_ID) values (1024,104,'IN',2,95317932161,null,null,null,null,null,to_date('15-AUG-20','DD-MON-RR'),null,'0',to_date('15-AUG-20','DD-MON-RR'),'0',to_date('15-AUG-20','DD-MON-RR'),0);
Insert into PAYMENT_OPTIONS (PAYMENT_OPTION_ID,CUSTOMER_ID,PAYMENT_TYPE_CODE,BILLING_ADDRESS_ID,ACCOUNT_NUMBER,CARD_TYPE_CODE,EXPIRE_DATE,CHECK_DIGITS,ROUTING_IDENTIFIER,INSTITUTION_NAME,VALID_FROM_DATE,VALID_TO_DATE,CREATED_BY,CREATION_DATE,LAST_UPDATED_BY,LAST_UPDATE_DATE,OBJECT_VERSION_ID) values (1025,105,'IN',2,95317932161,null,null,null,null,null,to_date('15-AUG-20','DD-MON-RR'),null,'0',to_date('15-AUG-20','DD-MON-RR'),'0',to_date('15-AUG-20','DD-MON-RR'),0);
Insert into PAYMENT_OPTIONS (PAYMENT_OPTION_ID,CUSTOMER_ID,PAYMENT_TYPE_CODE,BILLING_ADDRESS_ID,ACCOUNT_NUMBER,CARD_TYPE_CODE,EXPIRE_DATE,CHECK_DIGITS,ROUTING_IDENTIFIER,INSTITUTION_NAME,VALID_FROM_DATE,VALID_TO_DATE,CREATED_BY,CREATION_DATE,LAST_UPDATED_BY,LAST_UPDATE_DATE,OBJECT_VERSION_ID) values (1026,106,'IN',2,95317932161,null,null,null,null,null,to_date('15-AUG-20','DD-MON-RR'),null,'0',to_date('15-AUG-20','DD-MON-RR'),'0',to_date('15-AUG-20','DD-MON-RR'),0);
Insert into PAYMENT_OPTIONS (PAYMENT_OPTION_ID,CUSTOMER_ID,PAYMENT_TYPE_CODE,BILLING_ADDRESS_ID,ACCOUNT_NUMBER,CARD_TYPE_CODE,EXPIRE_DATE,CHECK_DIGITS,ROUTING_IDENTIFIER,INSTITUTION_NAME,VALID_FROM_DATE,VALID_TO_DATE,CREATED_BY,CREATION_DATE,LAST_UPDATED_BY,LAST_UPDATE_DATE,OBJECT_VERSION_ID) values (1027,107,'IN',2,95317932161,null,null,null,null,null,to_date('15-AUG-20','DD-MON-RR'),null,'0',to_date('15-AUG-20','DD-MON-RR'),'0',to_date('15-AUG-20','DD-MON-RR'),0);
Insert into PAYMENT_OPTIONS (PAYMENT_OPTION_ID,CUSTOMER_ID,PAYMENT_TYPE_CODE,BILLING_ADDRESS_ID,ACCOUNT_NUMBER,CARD_TYPE_CODE,EXPIRE_DATE,CHECK_DIGITS,ROUTING_IDENTIFIER,INSTITUTION_NAME,VALID_FROM_DATE,VALID_TO_DATE,CREATED_BY,CREATION_DATE,LAST_UPDATED_BY,LAST_UPDATE_DATE,OBJECT_VERSION_ID) values (1028,121,'IN',2,95317932161,null,null,null,null,null,to_date('15-AUG-20','DD-MON-RR'),null,'0',to_date('15-AUG-20','DD-MON-RR'),'0',to_date('15-AUG-20','DD-MON-RR'),0);
Insert into PAYMENT_OPTIONS (PAYMENT_OPTION_ID,CUSTOMER_ID,PAYMENT_TYPE_CODE,BILLING_ADDRESS_ID,ACCOUNT_NUMBER,CARD_TYPE_CODE,EXPIRE_DATE,CHECK_DIGITS,ROUTING_IDENTIFIER,INSTITUTION_NAME,VALID_FROM_DATE,VALID_TO_DATE,CREATED_BY,CREATION_DATE,LAST_UPDATED_BY,LAST_UPDATE_DATE,OBJECT_VERSION_ID) values (1029,122,'IN',2,95317932161,null,null,null,null,null,to_date('15-AUG-20','DD-MON-RR'),null,'0',to_date('15-AUG-20','DD-MON-RR'),'0',to_date('15-AUG-20','DD-MON-RR'),0);
Insert into PAYMENT_OPTIONS (PAYMENT_OPTION_ID,CUSTOMER_ID,PAYMENT_TYPE_CODE,BILLING_ADDRESS_ID,ACCOUNT_NUMBER,CARD_TYPE_CODE,EXPIRE_DATE,CHECK_DIGITS,ROUTING_IDENTIFIER,INSTITUTION_NAME,VALID_FROM_DATE,VALID_TO_DATE,CREATED_BY,CREATION_DATE,LAST_UPDATED_BY,LAST_UPDATE_DATE,OBJECT_VERSION_ID) values (1030,123,'IN',2,95317932161,null,null,null,null,null,to_date('15-AUG-20','DD-MON-RR'),null,'0',to_date('15-AUG-20','DD-MON-RR'),'0',to_date('15-AUG-20','DD-MON-RR'),0);
Insert into PAYMENT_OPTIONS (PAYMENT_OPTION_ID,CUSTOMER_ID,PAYMENT_TYPE_CODE,BILLING_ADDRESS_ID,ACCOUNT_NUMBER,CARD_TYPE_CODE,EXPIRE_DATE,CHECK_DIGITS,ROUTING_IDENTIFIER,INSTITUTION_NAME,VALID_FROM_DATE,VALID_TO_DATE,CREATED_BY,CREATION_DATE,LAST_UPDATED_BY,LAST_UPDATE_DATE,OBJECT_VERSION_ID) values (1031,124,'IN',2,95317932161,null,null,null,null,null,to_date('15-AUG-20','DD-MON-RR'),null,'0',to_date('15-AUG-20','DD-MON-RR'),'0',to_date('15-AUG-20','DD-MON-RR'),0);
Insert into PAYMENT_OPTIONS (PAYMENT_OPTION_ID,CUSTOMER_ID,PAYMENT_TYPE_CODE,BILLING_ADDRESS_ID,ACCOUNT_NUMBER,CARD_TYPE_CODE,EXPIRE_DATE,CHECK_DIGITS,ROUTING_IDENTIFIER,INSTITUTION_NAME,VALID_FROM_DATE,VALID_TO_DATE,CREATED_BY,CREATION_DATE,LAST_UPDATED_BY,LAST_UPDATE_DATE,OBJECT_VERSION_ID) values (1032,125,'IN',2,95317932161,null,null,null,null,null,to_date('15-AUG-20','DD-MON-RR'),null,'0',to_date('15-AUG-20','DD-MON-RR'),'0',to_date('15-AUG-20','DD-MON-RR'),0);
Insert into PAYMENT_OPTIONS (PAYMENT_OPTION_ID,CUSTOMER_ID,PAYMENT_TYPE_CODE,BILLING_ADDRESS_ID,ACCOUNT_NUMBER,CARD_TYPE_CODE,EXPIRE_DATE,CHECK_DIGITS,ROUTING_IDENTIFIER,INSTITUTION_NAME,VALID_FROM_DATE,VALID_TO_DATE,CREATED_BY,CREATION_DATE,LAST_UPDATED_BY,LAST_UPDATE_DATE,OBJECT_VERSION_ID) values (1033,126,'IN',2,95317932161,null,null,null,null,null,to_date('15-AUG-20','DD-MON-RR'),null,'0',to_date('15-AUG-20','DD-MON-RR'),'0',to_date('15-AUG-20','DD-MON-RR'),0);
Insert into PAYMENT_OPTIONS (PAYMENT_OPTION_ID,CUSTOMER_ID,PAYMENT_TYPE_CODE,BILLING_ADDRESS_ID,ACCOUNT_NUMBER,CARD_TYPE_CODE,EXPIRE_DATE,CHECK_DIGITS,ROUTING_IDENTIFIER,INSTITUTION_NAME,VALID_FROM_DATE,VALID_TO_DATE,CREATED_BY,CREATION_DATE,LAST_UPDATED_BY,LAST_UPDATE_DATE,OBJECT_VERSION_ID) values (1034,127,'IN',2,95317932161,null,null,null,null,null,to_date('15-AUG-20','DD-MON-RR'),null,'0',to_date('15-AUG-20','DD-MON-RR'),'0',to_date('15-AUG-20','DD-MON-RR'),0);
Insert into PAYMENT_OPTIONS (PAYMENT_OPTION_ID,CUSTOMER_ID,PAYMENT_TYPE_CODE,BILLING_ADDRESS_ID,ACCOUNT_NUMBER,CARD_TYPE_CODE,EXPIRE_DATE,CHECK_DIGITS,ROUTING_IDENTIFIER,INSTITUTION_NAME,VALID_FROM_DATE,VALID_TO_DATE,CREATED_BY,CREATION_DATE,LAST_UPDATED_BY,LAST_UPDATE_DATE,OBJECT_VERSION_ID) values (1035,128,'IN',2,95317932161,null,null,null,null,null,to_date('15-AUG-20','DD-MON-RR'),null,'0',to_date('15-AUG-20','DD-MON-RR'),'0',to_date('15-AUG-20','DD-MON-RR'),0);
Insert into PAYMENT_OPTIONS (PAYMENT_OPTION_ID,CUSTOMER_ID,PAYMENT_TYPE_CODE,BILLING_ADDRESS_ID,ACCOUNT_NUMBER,CARD_TYPE_CODE,EXPIRE_DATE,CHECK_DIGITS,ROUTING_IDENTIFIER,INSTITUTION_NAME,VALID_FROM_DATE,VALID_TO_DATE,CREATED_BY,CREATION_DATE,LAST_UPDATED_BY,LAST_UPDATE_DATE,OBJECT_VERSION_ID) values (1036,129,'IN',2,95317932161,null,null,null,null,null,to_date('15-AUG-20','DD-MON-RR'),null,'0',to_date('15-AUG-20','DD-MON-RR'),'0',to_date('15-AUG-20','DD-MON-RR'),0);
Insert into PAYMENT_OPTIONS (PAYMENT_OPTION_ID,CUSTOMER_ID,PAYMENT_TYPE_CODE,BILLING_ADDRESS_ID,ACCOUNT_NUMBER,CARD_TYPE_CODE,EXPIRE_DATE,CHECK_DIGITS,ROUTING_IDENTIFIER,INSTITUTION_NAME,VALID_FROM_DATE,VALID_TO_DATE,CREATED_BY,CREATION_DATE,LAST_UPDATED_BY,LAST_UPDATE_DATE,OBJECT_VERSION_ID) values (1037,200,'IN',2,95317932161,null,null,null,null,null,to_date('15-AUG-20','DD-MON-RR'),null,'0',to_date('15-AUG-20','DD-MON-RR'),'0',to_date('15-AUG-20','DD-MON-RR'),0);
Insert into PAYMENT_OPTIONS (PAYMENT_OPTION_ID,CUSTOMER_ID,PAYMENT_TYPE_CODE,BILLING_ADDRESS_ID,ACCOUNT_NUMBER,CARD_TYPE_CODE,EXPIRE_DATE,CHECK_DIGITS,ROUTING_IDENTIFIER,INSTITUTION_NAME,VALID_FROM_DATE,VALID_TO_DATE,CREATED_BY,CREATION_DATE,LAST_UPDATED_BY,LAST_UPDATE_DATE,OBJECT_VERSION_ID) values (1038,201,'IN',2,95317932161,null,null,null,null,null,to_date('15-AUG-20','DD-MON-RR'),null,'0',to_date('15-AUG-20','DD-MON-RR'),'0',to_date('15-AUG-20','DD-MON-RR'),0);
Insert into PAYMENT_OPTIONS (PAYMENT_OPTION_ID,CUSTOMER_ID,PAYMENT_TYPE_CODE,BILLING_ADDRESS_ID,ACCOUNT_NUMBER,CARD_TYPE_CODE,EXPIRE_DATE,CHECK_DIGITS,ROUTING_IDENTIFIER,INSTITUTION_NAME,VALID_FROM_DATE,VALID_TO_DATE,CREATED_BY,CREATION_DATE,LAST_UPDATED_BY,LAST_UPDATE_DATE,OBJECT_VERSION_ID) values (1039,202,'IN',2,95317932161,null,null,null,null,null,to_date('15-AUG-20','DD-MON-RR'),null,'0',to_date('15-AUG-20','DD-MON-RR'),'0',to_date('15-AUG-20','DD-MON-RR'),0);
Insert into PAYMENT_OPTIONS (PAYMENT_OPTION_ID,CUSTOMER_ID,PAYMENT_TYPE_CODE,BILLING_ADDRESS_ID,ACCOUNT_NUMBER,CARD_TYPE_CODE,EXPIRE_DATE,CHECK_DIGITS,ROUTING_IDENTIFIER,INSTITUTION_NAME,VALID_FROM_DATE,VALID_TO_DATE,CREATED_BY,CREATION_DATE,LAST_UPDATED_BY,LAST_UPDATE_DATE,OBJECT_VERSION_ID) values (1040,203,'IN',2,95317932161,null,null,null,null,null,to_date('15-AUG-20','DD-MON-RR'),null,'0',to_date('15-AUG-20','DD-MON-RR'),'0',to_date('15-AUG-20','DD-MON-RR'),0);
Insert into PAYMENT_OPTIONS (PAYMENT_OPTION_ID,CUSTOMER_ID,PAYMENT_TYPE_CODE,BILLING_ADDRESS_ID,ACCOUNT_NUMBER,CARD_TYPE_CODE,EXPIRE_DATE,CHECK_DIGITS,ROUTING_IDENTIFIER,INSTITUTION_NAME,VALID_FROM_DATE,VALID_TO_DATE,CREATED_BY,CREATION_DATE,LAST_UPDATED_BY,LAST_UPDATE_DATE,OBJECT_VERSION_ID) values (1041,204,'IN',2,95317932161,null,null,null,null,null,to_date('15-AUG-20','DD-MON-RR'),null,'0',to_date('15-AUG-20','DD-MON-RR'),'0',to_date('15-AUG-20','DD-MON-RR'),0);
Insert into PAYMENT_OPTIONS (PAYMENT_OPTION_ID,CUSTOMER_ID,PAYMENT_TYPE_CODE,BILLING_ADDRESS_ID,ACCOUNT_NUMBER,CARD_TYPE_CODE,EXPIRE_DATE,CHECK_DIGITS,ROUTING_IDENTIFIER,INSTITUTION_NAME,VALID_FROM_DATE,VALID_TO_DATE,CREATED_BY,CREATION_DATE,LAST_UPDATED_BY,LAST_UPDATE_DATE,OBJECT_VERSION_ID) values (1042,205,'IN',2,95317932161,null,null,null,null,null,to_date('15-AUG-20','DD-MON-RR'),null,'0',to_date('15-AUG-20','DD-MON-RR'),'0',to_date('15-AUG-20','DD-MON-RR'),0);
Insert into PAYMENT_OPTIONS (PAYMENT_OPTION_ID,CUSTOMER_ID,PAYMENT_TYPE_CODE,BILLING_ADDRESS_ID,ACCOUNT_NUMBER,CARD_TYPE_CODE,EXPIRE_DATE,CHECK_DIGITS,ROUTING_IDENTIFIER,INSTITUTION_NAME,VALID_FROM_DATE,VALID_TO_DATE,CREATED_BY,CREATION_DATE,LAST_UPDATED_BY,LAST_UPDATE_DATE,OBJECT_VERSION_ID) values (1043,206,'IN',2,95317932161,null,null,null,null,null,to_date('15-AUG-20','DD-MON-RR'),null,'0',to_date('15-AUG-20','DD-MON-RR'),'0',to_date('15-AUG-20','DD-MON-RR'),0);
Insert into PAYMENT_OPTIONS (PAYMENT_OPTION_ID,CUSTOMER_ID,PAYMENT_TYPE_CODE,BILLING_ADDRESS_ID,ACCOUNT_NUMBER,CARD_TYPE_CODE,EXPIRE_DATE,CHECK_DIGITS,ROUTING_IDENTIFIER,INSTITUTION_NAME,VALID_FROM_DATE,VALID_TO_DATE,CREATED_BY,CREATION_DATE,LAST_UPDATED_BY,LAST_UPDATE_DATE,OBJECT_VERSION_ID) values (1044,207,'IN',2,95317932161,null,null,null,null,null,to_date('15-AUG-20','DD-MON-RR'),null,'0',to_date('15-AUG-20','DD-MON-RR'),'0',to_date('15-AUG-20','DD-MON-RR'),0);
Insert into PAYMENT_OPTIONS (PAYMENT_OPTION_ID,CUSTOMER_ID,PAYMENT_TYPE_CODE,BILLING_ADDRESS_ID,ACCOUNT_NUMBER,CARD_TYPE_CODE,EXPIRE_DATE,CHECK_DIGITS,ROUTING_IDENTIFIER,INSTITUTION_NAME,VALID_FROM_DATE,VALID_TO_DATE,CREATED_BY,CREATION_DATE,LAST_UPDATED_BY,LAST_UPDATE_DATE,OBJECT_VERSION_ID) values (1045,208,'IN',2,95317932161,null,null,null,null,null,to_date('15-AUG-20','DD-MON-RR'),null,'0',to_date('15-AUG-20','DD-MON-RR'),'0',to_date('15-AUG-20','DD-MON-RR'),0);
Insert into PAYMENT_OPTIONS (PAYMENT_OPTION_ID,CUSTOMER_ID,PAYMENT_TYPE_CODE,BILLING_ADDRESS_ID,ACCOUNT_NUMBER,CARD_TYPE_CODE,EXPIRE_DATE,CHECK_DIGITS,ROUTING_IDENTIFIER,INSTITUTION_NAME,VALID_FROM_DATE,VALID_TO_DATE,CREATED_BY,CREATION_DATE,LAST_UPDATED_BY,LAST_UPDATE_DATE,OBJECT_VERSION_ID) values (1046,209,'IN',2,95317932161,null,null,null,null,null,to_date('15-AUG-20','DD-MON-RR'),null,'0',to_date('15-AUG-20','DD-MON-RR'),'0',to_date('15-AUG-20','DD-MON-RR'),0);
Insert into PAYMENT_OPTIONS (PAYMENT_OPTION_ID,CUSTOMER_ID,PAYMENT_TYPE_CODE,BILLING_ADDRESS_ID,ACCOUNT_NUMBER,CARD_TYPE_CODE,EXPIRE_DATE,CHECK_DIGITS,ROUTING_IDENTIFIER,INSTITUTION_NAME,VALID_FROM_DATE,VALID_TO_DATE,CREATED_BY,CREATION_DATE,LAST_UPDATED_BY,LAST_UPDATE_DATE,OBJECT_VERSION_ID) values (1047,210,'IN',2,95317932161,null,null,null,null,null,to_date('15-AUG-20','DD-MON-RR'),null,'0',to_date('15-AUG-20','DD-MON-RR'),'0',to_date('15-AUG-20','DD-MON-RR'),0);
Insert into PAYMENT_OPTIONS (PAYMENT_OPTION_ID,CUSTOMER_ID,PAYMENT_TYPE_CODE,BILLING_ADDRESS_ID,ACCOUNT_NUMBER,CARD_TYPE_CODE,EXPIRE_DATE,CHECK_DIGITS,ROUTING_IDENTIFIER,INSTITUTION_NAME,VALID_FROM_DATE,VALID_TO_DATE,CREATED_BY,CREATION_DATE,LAST_UPDATED_BY,LAST_UPDATE_DATE,OBJECT_VERSION_ID) values (1048,211,'IN',2,95317932161,null,null,null,null,null,to_date('15-AUG-20','DD-MON-RR'),null,'0',to_date('15-AUG-20','DD-MON-RR'),'0',to_date('15-AUG-20','DD-MON-RR'),0);
Insert into PAYMENT_OPTIONS (PAYMENT_OPTION_ID,CUSTOMER_ID,PAYMENT_TYPE_CODE,BILLING_ADDRESS_ID,ACCOUNT_NUMBER,CARD_TYPE_CODE,EXPIRE_DATE,CHECK_DIGITS,ROUTING_IDENTIFIER,INSTITUTION_NAME,VALID_FROM_DATE,VALID_TO_DATE,CREATED_BY,CREATION_DATE,LAST_UPDATED_BY,LAST_UPDATE_DATE,OBJECT_VERSION_ID) values (1049,212,'IN',2,95317932161,null,null,null,null,null,to_date('15-AUG-20','DD-MON-RR'),null,'0',to_date('15-AUG-20','DD-MON-RR'),'0',to_date('15-AUG-20','DD-MON-RR'),0);
Insert into PAYMENT_OPTIONS (PAYMENT_OPTION_ID,CUSTOMER_ID,PAYMENT_TYPE_CODE,BILLING_ADDRESS_ID,ACCOUNT_NUMBER,CARD_TYPE_CODE,EXPIRE_DATE,CHECK_DIGITS,ROUTING_IDENTIFIER,INSTITUTION_NAME,VALID_FROM_DATE,VALID_TO_DATE,CREATED_BY,CREATION_DATE,LAST_UPDATED_BY,LAST_UPDATE_DATE,OBJECT_VERSION_ID) values (1050,213,'IN',2,95317932161,null,null,null,null,null,to_date('15-AUG-20','DD-MON-RR'),null,'0',to_date('15-AUG-20','DD-MON-RR'),'0',to_date('15-AUG-20','DD-MON-RR'),0);
Insert into PAYMENT_OPTIONS (PAYMENT_OPTION_ID,CUSTOMER_ID,PAYMENT_TYPE_CODE,BILLING_ADDRESS_ID,ACCOUNT_NUMBER,CARD_TYPE_CODE,EXPIRE_DATE,CHECK_DIGITS,ROUTING_IDENTIFIER,INSTITUTION_NAME,VALID_FROM_DATE,VALID_TO_DATE,CREATED_BY,CREATION_DATE,LAST_UPDATED_BY,LAST_UPDATE_DATE,OBJECT_VERSION_ID) values (1051,214,'IN',2,95317932161,null,null,null,null,null,to_date('15-AUG-20','DD-MON-RR'),null,'0',to_date('15-AUG-20','DD-MON-RR'),'0',to_date('15-AUG-20','DD-MON-RR'),0);
Insert into PAYMENT_OPTIONS (PAYMENT_OPTION_ID,CUSTOMER_ID,PAYMENT_TYPE_CODE,BILLING_ADDRESS_ID,ACCOUNT_NUMBER,CARD_TYPE_CODE,EXPIRE_DATE,CHECK_DIGITS,ROUTING_IDENTIFIER,INSTITUTION_NAME,VALID_FROM_DATE,VALID_TO_DATE,CREATED_BY,CREATION_DATE,LAST_UPDATED_BY,LAST_UPDATE_DATE,OBJECT_VERSION_ID) values (1052,215,'IN',2,95317932161,null,null,null,null,null,to_date('15-AUG-20','DD-MON-RR'),null,'0',to_date('15-AUG-20','DD-MON-RR'),'0',to_date('15-AUG-20','DD-MON-RR'),0);
Insert into PAYMENT_OPTIONS (PAYMENT_OPTION_ID,CUSTOMER_ID,PAYMENT_TYPE_CODE,BILLING_ADDRESS_ID,ACCOUNT_NUMBER,CARD_TYPE_CODE,EXPIRE_DATE,CHECK_DIGITS,ROUTING_IDENTIFIER,INSTITUTION_NAME,VALID_FROM_DATE,VALID_TO_DATE,CREATED_BY,CREATION_DATE,LAST_UPDATED_BY,LAST_UPDATE_DATE,OBJECT_VERSION_ID) values (1053,216,'IN',2,95317932161,null,null,null,null,null,to_date('15-AUG-20','DD-MON-RR'),null,'0',to_date('15-AUG-20','DD-MON-RR'),'0',to_date('15-AUG-20','DD-MON-RR'),0);
Insert into PAYMENT_OPTIONS (PAYMENT_OPTION_ID,CUSTOMER_ID,PAYMENT_TYPE_CODE,BILLING_ADDRESS_ID,ACCOUNT_NUMBER,CARD_TYPE_CODE,EXPIRE_DATE,CHECK_DIGITS,ROUTING_IDENTIFIER,INSTITUTION_NAME,VALID_FROM_DATE,VALID_TO_DATE,CREATED_BY,CREATION_DATE,LAST_UPDATED_BY,LAST_UPDATE_DATE,OBJECT_VERSION_ID) values (1054,217,'IN',2,95317932161,null,null,null,null,null,to_date('15-AUG-20','DD-MON-RR'),null,'0',to_date('15-AUG-20','DD-MON-RR'),'0',to_date('15-AUG-20','DD-MON-RR'),0);
Insert into PAYMENT_OPTIONS (PAYMENT_OPTION_ID,CUSTOMER_ID,PAYMENT_TYPE_CODE,BILLING_ADDRESS_ID,ACCOUNT_NUMBER,CARD_TYPE_CODE,EXPIRE_DATE,CHECK_DIGITS,ROUTING_IDENTIFIER,INSTITUTION_NAME,VALID_FROM_DATE,VALID_TO_DATE,CREATED_BY,CREATION_DATE,LAST_UPDATED_BY,LAST_UPDATE_DATE,OBJECT_VERSION_ID) values (1055,218,'IN',2,95317932161,null,null,null,null,null,to_date('15-AUG-20','DD-MON-RR'),null,'0',to_date('15-AUG-20','DD-MON-RR'),'0',to_date('15-AUG-20','DD-MON-RR'),0);
Insert into PAYMENT_OPTIONS (PAYMENT_OPTION_ID,CUSTOMER_ID,PAYMENT_TYPE_CODE,BILLING_ADDRESS_ID,ACCOUNT_NUMBER,CARD_TYPE_CODE,EXPIRE_DATE,CHECK_DIGITS,ROUTING_IDENTIFIER,INSTITUTION_NAME,VALID_FROM_DATE,VALID_TO_DATE,CREATED_BY,CREATION_DATE,LAST_UPDATED_BY,LAST_UPDATE_DATE,OBJECT_VERSION_ID) values (1056,219,'IN',2,95317932161,null,null,null,null,null,to_date('15-AUG-20','DD-MON-RR'),null,'0',to_date('15-AUG-20','DD-MON-RR'),'0',to_date('15-AUG-20','DD-MON-RR'),0);
Insert into PAYMENT_OPTIONS (PAYMENT_OPTION_ID,CUSTOMER_ID,PAYMENT_TYPE_CODE,BILLING_ADDRESS_ID,ACCOUNT_NUMBER,CARD_TYPE_CODE,EXPIRE_DATE,CHECK_DIGITS,ROUTING_IDENTIFIER,INSTITUTION_NAME,VALID_FROM_DATE,VALID_TO_DATE,CREATED_BY,CREATION_DATE,LAST_UPDATED_BY,LAST_UPDATE_DATE,OBJECT_VERSION_ID) values (1057,220,'IN',2,95317932161,null,null,null,null,null,to_date('15-AUG-20','DD-MON-RR'),null,'0',to_date('15-AUG-20','DD-MON-RR'),'0',to_date('15-AUG-20','DD-MON-RR'),0);

